synonym,standard_id,type
1321N1,CVCL_0110,cell
143B,CVCL_2270,cell
184A1,CVCL_3040,cell
184B5,CVCL_4688,cell
22RV1,CVCL_1045,cell
22Rv1,CVCL_1045,cell
23132-87,CVCL_1046,cell
23132/87,CVCL_1046,cell
2313287,CVCL_1046,cell
253J,CVCL_7935,cell
253J-BV,CVCL_7937,cell
253JBV,CVCL_7937,cell
293T,CVCL_0063,cell
2A8,CVCL_6247,cell
42-MG-BA,CVCL_1798,cell
42MGBA,CVCL_1798,cell
451Lu,CVCL_6357,cell
5637,CVCL_0126,cell
5838,CVCL_6255,cell
584,CVCL_V278,cell
59M,CVCL_2291,cell
639-V,CVCL_1048,cell
639V,CVCL_1048,cell
647-V,CVCL_1049,cell
647V,CVCL_1049,cell
697,CVCL_0079,cell
769-P,CVCL_1050,cell
769P,CVCL_1050,cell
786-0,CVCL_1051,cell
786-O,CVCL_1051,cell
786O,CVCL_1051,cell
8-MG-BA,CVCL_1052,cell
8305C,CVCL_1053,cell
8505C,CVCL_1054,cell
8MGBA,CVCL_1052,cell
9505BIK,CVCL_A1UH,cell
95T1000,CVCL_WU67,cell
A-204,CVCL_1058,cell
A-253,CVCL_1060,cell
A-375,CVCL_0132,cell
A-498,CVCL_1056,cell
A-549,CVCL_0023,cell
A-673,CVCL_0080,cell
A-704,CVCL_1065,cell
A101D,CVCL_1057,cell
A1207,CVCL_8481,cell
A172,CVCL_0131,cell
A204,CVCL_1058,cell
A2058,CVCL_1059,cell
A253,CVCL_1060,cell
A2780,CVCL_0134,cell
A3-KAW,CVCL_1062,cell
A3/KAW,CVCL_1062,cell
A375,CVCL_0132,cell
A388,CVCL_1063,cell
A3KAW,CVCL_1062,cell
A4-Fuk,CVCL_1064,cell
A4/Fuk,CVCL_1064,cell
A427,CVCL_1055,cell
A431,CVCL_0037,cell
A4573,CVCL_6245,cell
A498,CVCL_1056,cell
A549,CVCL_0023,cell
A549/ATCC,CVCL_0023,cell
A673,CVCL_0080,cell
A704,CVCL_1065,cell
ABC-1,CVCL_1066,cell
ABC1,CVCL_1066,cell
ACC-MESO-1,CVCL_5113,cell
ACCMESO1,CVCL_5113,cell
ACHN,CVCL_1067,cell
AGS,CVCL_0139,cell
ALL-PO,CVCL_1069,cell
ALL-SIL,CVCL_1805,cell
AM-38,CVCL_1070,cell
AML-193,CVCL_1071,cell
AML193,CVCL_1071,cell
AMO-1,CVCL_1806,cell
AMO1,CVCL_1806,cell
AN3 CA,CVCL_0028,cell
AN3-CA,CVCL_0028,cell
AN3CA,CVCL_0028,cell
ANGMCSS,CVCL_2297,cell
ARD,CVCL_XD83,cell
ARH-77,CVCL_1072,cell
ARK2,CVCL_IV73,cell
ARP-1,CVCL_D523,cell
ASH-3,CVCL_2856,cell
ASH3,CVCL_2856,cell
ASPC1,CVCL_0152,cell
ASPS-1,CVCL_S738,cell
ATN-1,CVCL_1073,cell
AU565,CVCL_1074,cell
AZ-521,CVCL_2862,cell
AsPC-1,CVCL_0152,cell
B-CPAP,CVCL_0153,cell
BALL-1,CVCL_1075,cell
BALL1,CVCL_1075,cell
BB30-HNC,CVCL_1076,cell
BB49-HNC,CVCL_1077,cell
BB65-RCC,CVCL_1078,cell
BC-1,CVCL_1079,cell
BC-3,CVCL_1080,cell
BC-3C,CVCL_1958,cell
BC3C,CVCL_1958,cell
BCBL1,CVCL_0165,cell
BCP-1,CVCL_0107,cell
BCPAP,CVCL_0153,cell
BDCM,CVCL_4613,cell
BE-13,CVCL_1081,cell
BE2-M17,CVCL_0167,cell
BECKER,CVCL_1093,cell
BEN,CVCL_1082,cell
BFTC-905,CVCL_1083,cell
BFTC-909,CVCL_1084,cell
BFTC905,CVCL_1083,cell
BFTC909,CVCL_1084,cell
BHT-101,CVCL_1085,cell
BHT101,CVCL_1085,cell
BHY,CVCL_1086,cell
BICR 16,CVCL_2308,cell
BICR 18,CVCL_2309,cell
BICR 22,CVCL_2310,cell
BICR 31,CVCL_2312,cell
BICR 56,CVCL_2313,cell
BICR 6,CVCL_2314,cell
BICR10,CVCL_2307,cell
BICR16,CVCL_2308,cell
BICR22,CVCL_2310,cell
BICR31,CVCL_2312,cell
BICR56,CVCL_2313,cell
BICR6,CVCL_2314,cell
BICR78,CVCL_2315,cell
BIN67,CVCL_S987,cell
BIRCH,CVCL_M599,cell
BJ hTERT,CVCL_6573,cell
BJAB,CVCL_5711,cell
BL-2,CVCL_1966,cell
BL-41,CVCL_1087,cell
BL-70,CVCL_1088,cell
BL41,CVCL_1087,cell
BL70,CVCL_1088,cell
BLUE1,CVCL_1967,cell
BOKU,CVCL_1089,cell
BONNA-12,CVCL_1090,cell
BPH-1,CVCL_1091,cell
BR:BT-549,CVCL_1092,cell
BR:HS 578T,CVCL_0332,cell
BR:MCF7,CVCL_0031,cell
BR:MDA-MB-231,CVCL_0062,cell
BR:T-47D,CVCL_0553,cell
BT-20,CVCL_0178,cell
BT-474,CVCL_0179,cell
BT-483,CVCL_2319,cell
BT-549,CVCL_1092,cell
BT12,CVCL_M155,cell
BT16,CVCL_M156,cell
BT474,CVCL_0179,cell
BT483,CVCL_2319,cell
BT549,CVCL_1092,cell
BV-173,CVCL_0181,cell
BXPC3,CVCL_0186,cell
Becker,CVCL_1093,cell
BxPC-3,CVCL_0186,cell
C-33-A,CVCL_1094,cell
C-4-I,CVCL_2253,cell
C10,CVCL_5245,cell
C2BBE1,CVCL_1096,cell
C2BBe1,CVCL_1096,cell
C32,CVCL_ZA06,cell
C33A,CVCL_1094,cell
C3A,CVCL_1098,cell
C4II,CVCL_1095,cell
C75,CVCL_5248,cell
C80,CVCL_5249,cell
C8166,CVCL_1099,cell
C84,CVCL_5250,cell
C99,CVCL_8176,cell
CA46,CVCL_1101,cell
CACO2,CVCL_0025,cell
CADO-ES1,CVCL_1103,cell
CADOES1,CVCL_1103,cell
CAKI-1,CVCL_0234,cell
CAKI1,CVCL_0234,cell
CAKI2,CVCL_0235,cell
CAL 27,CVCL_1107,cell
CAL-1 [Human plasmacytoid dendritic],CVCL_5G46,cell
CAL-120,CVCL_1104,cell
CAL-12T,CVCL_1105,cell
CAL-148,CVCL_1106,cell
CAL-27,CVCL_1107,cell
CAL-29,CVCL_1808,cell
CAL-33,CVCL_1108,cell
CAL-39,CVCL_1109,cell
CAL-51,CVCL_1110,cell
CAL-54,CVCL_1111,cell
CAL-62,CVCL_1112,cell
CAL-72,CVCL_1113,cell
CAL-78,CVCL_1809,cell
CAL-85-1,CVCL_1114,cell
CAL120,CVCL_1104,cell
CAL12T,CVCL_1105,cell
CAL148,CVCL_1106,cell
CAL27,CVCL_1107,cell
CAL29,CVCL_1808,cell
CAL33,CVCL_1108,cell
CAL51,CVCL_1110,cell
CAL54,CVCL_1111,cell
CAL62,CVCL_1112,cell
CAL72,CVCL_1113,cell
CAL78,CVCL_1809,cell
CAL851,CVCL_1114,cell
CALU1,CVCL_0608,cell
CALU3,CVCL_0609,cell
CALU6,CVCL_0236,cell
CAMA-1,CVCL_1115,cell
CAMA1,CVCL_1115,cell
CAOV3,CVCL_0201,cell
CAPAN-1,CVCL_0237,cell
CAPAN-2,CVCL_0026,cell
CAPAN1,CVCL_0237,cell
CAPAN2,CVCL_0026,cell
CAS-1,CVCL_1117,cell
CAS1,CVCL_1117,cell
CASKI,CVCL_1100,cell
CCA,CVCL_N717,cell
CCD1103KIDTR,CVCL_3298,cell
CCD1105KIDTR,CVCL_3299,cell
CCF-STTG1,CVCL_1118,cell
CCFSTTG1,CVCL_1118,cell
CCK-81,CVCL_2873,cell
CCK81,CVCL_2873,cell
CCLFPEDS0003T,CVCL_B3PL,cell
CCLFPEDS0008T,CVCL_B3PM,cell
CCLP1,CVCL_0205,cell
CCRF-CEM,CVCL_0207,cell
CCRFCEM,CVCL_0207,cell
CCSW1,CVCL_A429,cell
CESS,CVCL_0209,cell
CFPAC-1,CVCL_1119,cell
CFPAC1,CVCL_1119,cell
CGTH-W-1,CVCL_1120,cell
CH-157MN,CVCL_5723,cell
CH157MN,CVCL_5723,cell
CHA-59,CVCL_GZ61,cell
CHAGOK1,CVCL_1121,cell
CHL,CVCL_0238,cell
CHL-1,CVCL_1122,cell
CHL1,CVCL_1122,cell
CHLA-10,CVCL_6583,cell
CHLA-25,CVCL_M152,cell
CHLA-258,CVCL_A058,cell
CHLA-32,CVCL_M151,cell
CHLA-9,CVCL_M150,cell
CHLA06ATRT,CVCL_AQ42,cell
CHLA10,CVCL_6583,cell
CHLA15,CVCL_6594,cell
CHLA258,CVCL_A058,cell
CHLA266,CVCL_M149,cell
CHLA352,CVCL_M153,cell
CHLA57,CVCL_0B49,cell
CHLA9,CVCL_M150,cell
CHP-100,CVCL_7166,cell
CHP-126,CVCL_1123,cell
CHP-134,CVCL_1124,cell
CHP-212,CVCL_1125,cell
CHP100L,CVCL_IV94,cell
CHP212,CVCL_1125,cell
CHSA0011,CVCL_X483,cell
CHSA0108,CVCL_X484,cell
CHSA8926,CVCL_X485,cell
CI,CVCL_Y548,cell
CI-1,CVCL_1861,cell
CII,CVCL_0D73,cell
CJM,CVCL_U797,cell
CL-11,CVCL_1978,cell
CL-14,CVCL_1979,cell
CL-34,CVCL_1980,cell
CL-40,CVCL_1982,cell
CL11,CVCL_1978,cell
CL14,CVCL_1979,cell
CL34,CVCL_1980,cell
CL40,CVCL_1982,cell
CLS439,CVCL_5982,cell
CME1,CVCL_N586,cell
CMK,CVCL_0216,cell
CMK-11-5,CVCL_0217,cell
CMK-86,CVCL_2804,cell
CML-T1,CVCL_1126,cell
CNS:SF-268,CVCL_1689,cell
CNS:SF-295,CVCL_1690,cell
CNS:SF-539,CVCL_1691,cell
CNS:SNB-19,CVCL_0535,cell
CNS:SNB-75,CVCL_1706,cell
CNS:U251,CVCL_0021,cell
CO:COLO 205,CVCL_0218,cell
CO:HCC-2998,CVCL_1266,cell
CO:HCT-116,CVCL_0291,cell
CO:HCT-15,CVCL_0292,cell
CO:HT29,CVCL_0320,cell
CO:KM12,CVCL_1331,cell
CO:SW-620,CVCL_0547,cell
COG-E-352,CVCL_M153,cell
COGAR359,CVCL_RS25,cell
COGE352,CVCL_M153,cell
COGN278,CVCL_AX49,cell
COGN305,CVCL_AX42,cell
COLO 201,CVCL_1987,cell
COLO 205,CVCL_0218,cell
COLO 668,CVCL_1128,cell
COLO 684,CVCL_1132,cell
COLO 741,CVCL_1133,cell
COLO 775,CVCL_1996,cell
COLO 792,CVCL_1134,cell
COLO 829,CVCL_1137,cell
COLO-205,CVCL_0218,cell
COLO-320,CVCL_1989,cell
COLO-320-HSR,CVCL_0220,cell
COLO-668,CVCL_1128,cell
COLO-677,CVCL_1862,cell
COLO-678,CVCL_1129,cell
COLO-679,CVCL_1130,cell
COLO-680N,CVCL_1131,cell
COLO-684,CVCL_1132,cell
COLO-704,CVCL_1994,cell
COLO-783,CVCL_1997,cell
COLO-792,CVCL_1134,cell
COLO-800,CVCL_1135,cell
COLO-818,CVCL_1998,cell
COLO-824,CVCL_1136,cell
COLO-829,CVCL_1137,cell
COLO-849,CVCL_2002,cell
COLO201,CVCL_1987,cell
COLO205,CVCL_0218,cell
COLO320,CVCL_1989,cell
COLO668,CVCL_1128,cell
COLO678,CVCL_1129,cell
COLO679,CVCL_1130,cell
COLO680N,CVCL_1131,cell
COLO684,CVCL_1132,cell
COLO699,CVCL_1992,cell
COLO741,CVCL_1133,cell
COLO783,CVCL_1997,cell
COLO792,CVCL_1134,cell
COLO800,CVCL_1135,cell
COLO824,CVCL_1136,cell
COLO829,CVCL_1137,cell
COR L88,CVCL_1141,cell
COR-L105,CVCL_1138,cell
COR-L23,CVCL_1139,cell
COR-L24,CVCL_2409,cell
COR-L279,CVCL_1140,cell
COR-L303,CVCL_2411,cell
COR-L311,CVCL_2412,cell
COR-L32,CVCL_2413,cell
COR-L321,CVCL_2414,cell
COR-L47,CVCL_2415,cell
COR-L51,CVCL_2416,cell
COR-L88,CVCL_1141,cell
COR-L95,CVCL_2418,cell
CORL105,CVCL_1138,cell
CORL23,CVCL_1139,cell
CORL279,CVCL_1140,cell
CORL311,CVCL_2412,cell
CORL47,CVCL_2415,cell
COV318,CVCL_2419,cell
COV362,CVCL_2420,cell
COV413A,CVCL_2422,cell
COV434,CVCL_2010,cell
COV504,CVCL_2424,cell
COV644,CVCL_2425,cell
CP50-MEL-B,CVCL_1143,cell
CP66-MEL,CVCL_1144,cell
CP67-MEL,CVCL_1145,cell
CPC-N,CVCL_1146,cell
CRO-AP2,CVCL_1147,cell
CS1,CVCL_T023,cell
CTB-1,CVCL_1149,cell
CTV-1,CVCL_1150,cell
CW-2,CVCL_1151,cell
CW9019,CVCL_N820,cell
CX1,CVCL_2011,cell
Ca-Ski,CVCL_1100,cell
Ca9-22,CVCL_1102,cell
CaR-1,CVCL_1116,cell
Caco-2,CVCL_0025,cell
Caki-1,CVCL_0234,cell
Caki-2,CVCL_0235,cell
Calu-1,CVCL_0608,cell
Calu-3,CVCL_0609,cell
Calu-6,CVCL_0236,cell
Caov-3,CVCL_0201,cell
Caov-4,CVCL_0202,cell
Capan-1,CVCL_0237,cell
Capan-2,CVCL_0026,cell
ChaGo-K-1,CVCL_1121,cell
D-245MG,CVCL_1152,cell
D-247MG,CVCL_1153,cell
D-263MG,CVCL_1154,cell
D-283MED,CVCL_1155,cell
D-336MG,CVCL_1156,cell
D-392MG,CVCL_1158,cell
D-423MG,CVCL_1160,cell
D-502MG,CVCL_1162,cell
D-542MG,CVCL_1164,cell
D-566MG,CVCL_1166,cell
D10,CVCL_H945,cell
D283 Med,CVCL_1155,cell
D283MED,CVCL_1155,cell
D341,CVCL_0018,cell
D341 Med,CVCL_0018,cell
D425,CVCL_1275,cell
D458,CVCL_1161,cell
DAN-G,CVCL_0243,cell
DANG,CVCL_0243,cell
DAOY,CVCL_1167,cell
DAUDI,CVCL_0008,cell
DB,CVCL_1168,cell
DBTRG-05MG,CVCL_1169,cell
DBTRG05MG,CVCL_1169,cell
DEL,CVCL_1170,cell
DERL-2,CVCL_2016,cell
DETROIT562,CVCL_1171,cell
DFCI024,CVCL_A762,cell
DFCI032,CVCL_A763,cell
DG-75,CVCL_0244,cell
DG75,CVCL_0244,cell
DJM-1,CVCL_1172,cell
DK-MG,CVCL_1173,cell
DKMG,CVCL_1173,cell
DLD-1,CVCL_0248,cell
DLD1,CVCL_0248,cell
DM-3,CVCL_2019,cell
DMS 114,CVCL_1174,cell
DMS 153,CVCL_1175,cell
DMS 187,CVCL_Z041,cell
DMS 273,CVCL_1176,cell
DMS 454,CVCL_2438,cell
DMS 53,CVCL_1177,cell
DMS 79,CVCL_1178,cell
DMS-114,CVCL_1174,cell
DMS-273,CVCL_1176,cell
DMS-53,CVCL_1177,cell
DMS-79,CVCL_1178,cell
DMS273,CVCL_1176,cell
DMS53,CVCL_1177,cell
DMS79,CVCL_1178,cell
DND-41,CVCL_2022,cell
DOHH-2,CVCL_1179,cell
DOHH2,CVCL_1179,cell
DOK,CVCL_1180,cell
DOTC24510,CVCL_1181,cell
DOV13,CVCL_6774,cell
DSH1,CVCL_1182,cell
DU 145,CVCL_0105,cell
DU-145,CVCL_0105,cell
DU-4475,CVCL_1183,cell
DU145,CVCL_0105,cell
DU4475,CVCL_1183,cell
DV-90,CVCL_1184,cell
Daoy,CVCL_1167,cell
Daudi,CVCL_0008,cell
Detroit 562,CVCL_1171,cell
Detroit562,CVCL_1171,cell
DiFi,CVCL_6895,cell
DoHH2,CVCL_1179,cell
DoTc2-4510,CVCL_1181,cell
EB-3,CVCL_1185,cell
EB1,CVCL_2027,cell
EB2,CVCL_1186,cell
EBC-1,CVCL_2891,cell
EBC1,CVCL_2891,cell
EC-GI-10,CVCL_1187,cell
ECC10,CVCL_1188,cell
ECC12,CVCL_1189,cell
ECC2,CVCL_A1UI,cell
ECGI10,CVCL_1187,cell
EF021,CVCL_0029,cell
EFE-184,CVCL_1191,cell
EFE184,CVCL_1191,cell
EFM-19,CVCL_0253,cell
EFM-192A,CVCL_1812,cell
EFM19,CVCL_0253,cell
EFM192A,CVCL_1812,cell
EFO-21,CVCL_0029,cell
EFO-27,CVCL_1192,cell
EFO21,CVCL_0029,cell
EFO27,CVCL_1192,cell
EGI1,CVCL_1193,cell
EHEB,CVCL_1194,cell
EI,CVCL_F958,cell
EJM,CVCL_2030,cell
EKVX,CVCL_1195,cell
EM-2,CVCL_1196,cell
EM2,CVCL_1196,cell
EMC-BAC-1,CVCL_X486,cell
EMC-BAC-2,CVCL_X487,cell
EMTOKA,CVCL_E115,cell
EN,CVCL_2034,cell
EN1078D,CVCL_A423,cell
EOL-1,CVCL_0258,cell
EOL1,CVCL_0258,cell
EPLC-272H,CVCL_1197,cell
EPLC272H,CVCL_1197,cell
ES-2,CVCL_3509,cell
ES1,CVCL_1198,cell
ES2,CVCL_3509,cell
ES3,CVCL_1199,cell
ES4,CVCL_1200,cell
ES5,CVCL_1201,cell
ES6,CVCL_1202,cell
ES7,CVCL_1203,cell
ES8,CVCL_1204,cell
ESO26,CVCL_2035,cell
ESO51,CVCL_2036,cell
ESS-1,CVCL_1205,cell
ESS1,CVCL_1205,cell
ETK-1,CVCL_1206,cell
ETN1,CVCL_7954,cell
EVSA-T,CVCL_1207,cell
EVSAT,CVCL_1207,cell
EW-1,CVCL_1208,cell
EW-11,CVCL_1209,cell
EW-12,CVCL_1210,cell
EW-13,CVCL_1211,cell
EW-16,CVCL_1212,cell
EW-18,CVCL_1213,cell
EW-22,CVCL_1214,cell
EW-24,CVCL_1215,cell
EW-3,CVCL_1216,cell
EW-7,CVCL_1217,cell
EW-8,CVCL_V618,cell
EW8,CVCL_V618,cell
EWS502,CVCL_S740,cell
EoL-1,CVCL_0258,cell
EoL-1-cell,CVCL_0258,cell
F-36P,CVCL_2037,cell
F36P,CVCL_2037,cell
F5,CVCL_V616,cell
FADU,CVCL_1218,cell
FARAGE,CVCL_3302,cell
FE-PD,CVCL_H614,cell
FLO-1,CVCL_2045,cell
FLO1,CVCL_2045,cell
FR4,CVCL_M505,cell
FTC-133,CVCL_1219,cell
FTC-238,CVCL_2447,cell
FTC133,CVCL_1219,cell
FTC238,CVCL_2447,cell
FU-OV-1,CVCL_2047,cell
FU97,CVCL_2908,cell
FUOV1,CVCL_2047,cell
FaDu,CVCL_1218,cell
Farage,CVCL_3302,cell
G-292 clone A141B1,CVCL_2909,cell
"G-292, clone A141B1",CVCL_2909,cell
G-292-Clone-A141B1,CVCL_2909,cell
G-361,CVCL_1220,cell
G-401,CVCL_0270,cell
G-402,CVCL_1221,cell
G-MEL,CVCL_W798,cell
G292,CVCL_2909,cell
G292CLONEA141B1,CVCL_2909,cell
G361,CVCL_1220,cell
G401,CVCL_0270,cell
G402,CVCL_1221,cell
GA-10,CVCL_1222,cell
GAK,CVCL_1225,cell
GAMG,CVCL_1226,cell
GB-1,CVCL_1227,cell
GB1,CVCL_1227,cell
GCIY,CVCL_1228,cell
GCT,CVCL_1229,cell
GDM-1,CVCL_1230,cell
GI-1,CVCL_1231,cell
GI-ME-N,CVCL_1232,cell
GI1,CVCL_1231,cell
GIMEN,CVCL_1232,cell
GMS-10,CVCL_1233,cell
GMS10,CVCL_1233,cell
GOS-3,CVCL_2050,cell
GOS3,CVCL_2050,cell
GOTO,CVCL_1234,cell
GP2D,CVCL_2450,cell
GP2d,CVCL_2450,cell
GP5D,CVCL_1235,cell
GP5d,CVCL_1235,cell
GR-M,CVCL_2451,cell
GR-ST,CVCL_1236,cell
GRANTA-519,CVCL_1818,cell
GRANTA519,CVCL_1818,cell
GSS,CVCL_8876,cell
GSU,CVCL_8877,cell
H-EMC-SS,CVCL_1238,cell
H103,CVCL_2457,cell
H1048,CVCL_1453,cell
H1155,CVCL_1456,cell
H125,CVCL_3968,cell
H1299,CVCL_0060,cell
H1355,CVCL_1464,cell
H1373,CVCL_1465,cell
H1385,CVCL_1466,cell
H1395,CVCL_1467,cell
H1435,CVCL_1470,cell
H1437,CVCL_1472,cell
H1563,CVCL_1475,cell
H1568,CVCL_1476,cell
H1573,CVCL_1478,cell
H1581,CVCL_1479,cell
H1623,CVCL_1481,cell
H1648,CVCL_1482,cell
H1650,CVCL_1483,cell
H1651,CVCL_1484,cell
H1666,CVCL_1485,cell
H1693,CVCL_1488,cell
H1703,CVCL_1490,cell
H1734,CVCL_1491,cell
H1770,CVCL_1493,cell
H1781,CVCL_1494,cell
H1792,CVCL_1495,cell
H1793,CVCL_1496,cell
H1819,CVCL_1497,cell
H1836,CVCL_1498,cell
H1838,CVCL_1499,cell
H1869,CVCL_1500,cell
H187,CVCL_1501,cell
H1944,CVCL_1508,cell
H1975,CVCL_1511,cell
H1993,CVCL_1512,cell
H2023,CVCL_1515,cell
H2030,CVCL_1517,cell
H2052,CVCL_1518,cell
H2073,CVCL_1521,cell
H2077,CVCL_5157,cell
H2085,CVCL_1523,cell
H2087,CVCL_1524,cell
H2106,CVCL_1526,cell
H211,CVCL_1529,cell
H2110,CVCL_1530,cell
H2122,CVCL_1531,cell
H2126,CVCL_1532,cell
H2135,CVCL_1533,cell
H2170,CVCL_1535,cell
H2172,CVCL_1537,cell
H2195,CVCL_1538,cell
H2228,CVCL_1543,cell
H2250,CVCL_A527,cell
H2258,CVCL_A528,cell
H226,CVCL_1544,cell
H2286,CVCL_1545,cell
H23,CVCL_1547,cell
H2342,CVCL_1549,cell
H2347,CVCL_1550,cell
H28,CVCL_1555,cell
H2882,CVCL_5158,cell
H290,CVCL_A555,cell
H292,CVCL_0455,cell
H295R,CVCL_0458,cell
H322M,CVCL_1556,cell
H324,CVCL_3953,cell
H3255,CVCL_6831,cell
H357,CVCL_2462,cell
H358,CVCL_1559,cell
H376,CVCL_2463,cell
H378,CVCL_1560,cell
H4,CVCL_1239,cell
H413,CVCL_2465,cell
H441,CVCL_1561,cell
H446,CVCL_1562,cell
H460,CVCL_0459,cell
H520,CVCL_1566,cell
H522,CVCL_1567,cell
H524,CVCL_1568,cell
H596,CVCL_1571,cell
H650,CVCL_1575,cell
H661,CVCL_1577,cell
H69,CVCL_1579,cell
H716,CVCL_1581,cell
H720,CVCL_1583,cell
H727,CVCL_1584,cell
H747,CVCL_1587,cell
H810,CVCL_1590,cell
H820,CVCL_1592,cell
H838,CVCL_1594,cell
H9,CVCL_1240,cell
H920,CVCL_1599,cell
H969,CVCL_1601,cell
HA7-RCC,CVCL_1241,cell
HAL-01,CVCL_1242,cell
HARA,CVCL_2914,cell
HB1119,CVCL_8227,cell
HBCLS1,CVCL_6213,cell
HBCLS2,CVCL_6214,cell
HBL-1 [Human diffuse large B-cell lymphoma],CVCL_4213,cell
HC-1,CVCL_1243,cell
HCA1,CVCL_2916,cell
HCC-1171,CVCL_5126,cell
HCC-1195,CVCL_5127,cell
HCC-1359,CVCL_5128,cell
HCC-1438,CVCL_L088,cell
HCC-15,CVCL_2057,cell
HCC-1588,CVCL_A351,cell
HCC-1833,CVCL_5129,cell
HCC-1897,CVCL_V578,cell
HCC-2108,CVCL_A352,cell
HCC-2279,CVCL_5131,cell
HCC-2814,CVCL_V586,cell
HCC-33,CVCL_2058,cell
HCC-366,CVCL_2059,cell
HCC-44,CVCL_2060,cell
HCC-56,CVCL_2917,cell
HCC-78,CVCL_2061,cell
HCC-827,CVCL_2063,cell
HCC-827-GR5,CVCL_V622,cell
HCC-95,CVCL_5137,cell
HCC1143,CVCL_1245,cell
HCC1187,CVCL_1247,cell
HCC1195,CVCL_5127,cell
HCC1313,CVCL_L087,cell
HCC1359,CVCL_5128,cell
HCC1395,CVCL_1249,cell
HCC1419,CVCL_1251,cell
HCC1428,CVCL_1252,cell
HCC1438,CVCL_L088,cell
HCC15,CVCL_2057,cell
HCC1500,CVCL_1254,cell
HCC1569,CVCL_1255,cell
HCC1599,CVCL_1256,cell
HCC1806,CVCL_1258,cell
HCC1833,CVCL_5129,cell
HCC1897,CVCL_V578,cell
HCC193,CVCL_5130,cell
HCC1937,CVCL_0290,cell
HCC1954,CVCL_1259,cell
HCC202,CVCL_2062,cell
HCC2108,CVCL_A352,cell
HCC2157,CVCL_1261,cell
HCC2218,CVCL_1263,cell
HCC2279,CVCL_5131,cell
HCC2374,CVCL_A353,cell
HCC2429,CVCL_5132,cell
HCC2450,CVCL_5133,cell
HCC2814,CVCL_V586,cell
HCC2935,CVCL_1265,cell
HCC2998,CVCL_1266,cell
HCC3051,CVCL_V582,cell
HCC364,CVCL_5134,cell
HCC366,CVCL_2059,cell
HCC38,CVCL_1267,cell
HCC4006,CVCL_1269,cell
HCC4011,CVCL_S700,cell
HCC4017,CVCL_V579,cell
HCC4018,CVCL_V580,cell
HCC4019,CVCL_V581,cell
HCC44,CVCL_2060,cell
HCC461,CVCL_5135,cell
HCC515,CVCL_5136,cell
HCC56,CVCL_2917,cell
HCC70,CVCL_1270,cell
HCC78,CVCL_2061,cell
HCC827,CVCL_2063,cell
HCC827GR5,CVCL_V622,cell
HCC95,CVCL_5137,cell
HCE-4,CVCL_1271,cell
HCS2,CVCL_2918,cell
HCT 116,CVCL_0291,cell
HCT-116,CVCL_0291,cell
HCT-15,CVCL_0292,cell
HCT-8,CVCL_2478,cell
HCT116,CVCL_0291,cell
HCT15,CVCL_0292,cell
HCT8,CVCL_2478,cell
HD-MY-Z,CVCL_1273,cell
HDLM-2,CVCL_0009,cell
HDMYZ,CVCL_1273,cell
HDQ-P1,CVCL_2067,cell
HDQP1,CVCL_2067,cell
HEC-1,CVCL_1274,cell
HEC-1-A,CVCL_0293,cell
HEC-1-B,CVCL_0294,cell
HEC-108,CVCL_2923,cell
HEC-151,CVCL_2925,cell
HEC-251,CVCL_2927,cell
HEC-265,CVCL_2928,cell
HEC-50B,CVCL_2929,cell
HEC-59,CVCL_2930,cell
HEC-6,CVCL_2931,cell
HEC1,CVCL_1274,cell
HEC108,CVCL_2923,cell
HEC116,CVCL_2924,cell
HEC151,CVCL_2925,cell
HEC1A,CVCL_0293,cell
HEC1B,CVCL_0294,cell
HEC251,CVCL_2927,cell
HEC265,CVCL_2928,cell
HEC50B,CVCL_2929,cell
HEC59,CVCL_2930,cell
HEC6,CVCL_2931,cell
HEC88NU,CVCL_2932,cell
HEK TE,CVCL_WS59,cell
HEK293,CVCL_0045,cell
HEL,CVCL_0001,cell
HEL 92.1.7,CVCL_2481,cell
HEL9217,CVCL_2481,cell
HELA,CVCL_0030,cell
HEP3B,CVCL_0326,cell
HEP3B217,CVCL_0326,cell
HEPG2,CVCL_0027,cell
HEYA8,CVCL_8878,cell
HG3,CVCL_Y547,cell
HGC-27,CVCL_1279,cell
HGC27,CVCL_1279,cell
HH,CVCL_1280,cell
HK-2,CVCL_0302,cell
HKA1,CVCL_2943,cell
HKGZCC,CVCL_E329,cell
HL-60,CVCL_0002,cell
HL60,CVCL_0002,cell
HLC-1,CVCL_5529,cell
HLE,CVCL_1281,cell
HLF,CVCL_2947,cell
HLF-a,CVCL_2255,cell
HLY-1,CVCL_H207,cell
HMC-1-8,CVCL_2949,cell
HMC18,CVCL_2949,cell
HMCB,CVCL_3317,cell
HMEL,CVCL_IZ34,cell
HMV-II,CVCL_1282,cell
HMY1,CVCL_2950,cell
HN30,CVCL_5525,cell
HN31,CVCL_5526,cell
HN5,CVCL_8128,cell
HNT-34,CVCL_2071,cell
HNT34,CVCL_2071,cell
HO-1-N-1,CVCL_1284,cell
HO-1-u-1,CVCL_2784,cell
HOC1,CVCL_5454,cell
HOC7,CVCL_5455,cell
HOC8,CVCL_5456,cell
HOP-62,CVCL_1285,cell
HOP-92,CVCL_1286,cell
HOP62,CVCL_1285,cell
HOP92,CVCL_1286,cell
HOS,CVCL_0312,cell
HOSC1,CVCL_IW50,cell
HPAC,CVCL_3517,cell
HPAF-II,CVCL_0313,cell
HPAF2,CVCL_0313,cell
HPB-ALL,CVCL_1820,cell
HS294T,CVCL_0331,cell
HS578T,CVCL_0332,cell
HS683,CVCL_0844,cell
HS695T,CVCL_0851,cell
HS700T,CVCL_0858,cell
HS729,CVCL_0871,cell
HS729T,CVCL_0871,cell
HS746T,CVCL_0333,cell
HS766T,CVCL_0334,cell
HS852T,CVCL_0950,cell
HS891T,CVCL_0985,cell
HS936T,CVCL_1033,cell
HS939T,CVCL_1036,cell
HS944T,CVCL_1040,cell
HSB2,CVCL_1859,cell
HSC-2,CVCL_1287,cell
HSC-3,CVCL_1288,cell
HSC-39,CVCL_A385,cell
HSC-4,CVCL_1289,cell
HSC1,CVCL_2807,cell
HSC2,CVCL_1287,cell
HSC3,CVCL_1288,cell
HSSY-II,CVCL_8719,cell
HT,CVCL_1290,cell
HT-1080,CVCL_0317,cell
HT-115,CVCL_2520,cell
HT-1197,CVCL_1291,cell
HT-1376,CVCL_1292,cell
HT-144,CVCL_0318,cell
HT-29,CVCL_0320,cell
HT-3,CVCL_1293,cell
HT1080,CVCL_0317,cell
HT115,CVCL_2520,cell
HT1197,CVCL_1291,cell
HT1376,CVCL_1292,cell
HT144,CVCL_0318,cell
HT161,CVCL_C834,cell
HT29,CVCL_0320,cell
HT3,CVCL_1293,cell
HT55,CVCL_1294,cell
HTC-C3,CVCL_1295,cell
HTK-,CVCL_2522,cell
HUCCT1,CVCL_0324,cell
HUH1,CVCL_2956,cell
HUH28,CVCL_2955,cell
HUH6,CVCL_4381,cell
HUH7,CVCL_0336,cell
HUNS1,CVCL_2526,cell
HUO9,CVCL_1298,cell
HUP-T3,CVCL_1299,cell
HUP-T4,CVCL_1300,cell
HUPT3,CVCL_1299,cell
HeLa,CVCL_0030,cell
Hep 3B2.1-7,CVCL_0326,cell
Hep G2,CVCL_0027,cell
Hep3B2-1-7,CVCL_0326,cell
Hey,CVCL_0297,cell
Hey-A8,CVCL_8878,cell
Hs 132.T,CVCL_0648,cell
Hs 172.T,CVCL_0660,cell
Hs 229.T,CVCL_0698,cell
Hs 255.T,CVCL_0707,cell
Hs 274.T,CVCL_0711,cell
Hs 281.T,CVCL_0715,cell
Hs 294T,CVCL_0331,cell
Hs 343.T,CVCL_0726,cell
Hs 414.T,CVCL_0755,cell
Hs 571.T,CVCL_0802,cell
Hs 578T,CVCL_0332,cell
Hs 600.T,CVCL_0814,cell
Hs 604.T,CVCL_0816,cell
Hs 606.T,CVCL_0819,cell
Hs 611.T,CVCL_0823,cell
Hs 616.T,CVCL_0825,cell
Hs 618.T,CVCL_0827,cell
Hs 675.T,CVCL_0836,cell
Hs 683,CVCL_0844,cell
Hs 688(A).T,CVCL_0846,cell
Hs 695T,CVCL_0851,cell
Hs 698.T,CVCL_0855,cell
Hs 706.T,CVCL_0863,cell
Hs 729,CVCL_0871,cell
Hs 737.T,CVCL_0878,cell
Hs 739.T,CVCL_0882,cell
Hs 742.T,CVCL_0888,cell
Hs 746T,CVCL_0333,cell
Hs 751.T,CVCL_0891,cell
Hs 766T,CVCL_0334,cell
Hs 819.T,CVCL_0928,cell
Hs 821.T,CVCL_0932,cell
Hs 822.T,CVCL_0933,cell
Hs 834.T,CVCL_0938,cell
Hs 839.T,CVCL_0941,cell
Hs 840.T,CVCL_0942,cell
Hs 852.T,CVCL_0950,cell
Hs 863.T,CVCL_0959,cell
Hs 870.T,CVCL_0966,cell
Hs 888.T,CVCL_0979,cell
Hs 895.T,CVCL_0993,cell
Hs 913.T,CVCL_1017,cell
Hs 93.T,CVCL_1029,cell
Hs 934.T,CVCL_1031,cell
Hs 936.T,CVCL_1033,cell
Hs 939.T,CVCL_1036,cell
Hs 940.T,CVCL_1038,cell
Hs 944.T,CVCL_1040,cell
Hs-445,CVCL_0761,cell
Hs-578-T,CVCL_0332,cell
Hs-633T,CVCL_0832,cell
Hs-683,CVCL_0844,cell
Hs-746T,CVCL_0333,cell
Hs-766T,CVCL_0334,cell
Hs-939-T,CVCL_1036,cell
Hs-940-T,CVCL_1038,cell
Hu09,CVCL_1298,cell
HuCCT1,CVCL_0324,cell
HuG1-N,CVCL_4846,cell
HuH-6,CVCL_4381,cell
HuH-7,CVCL_0336,cell
HuH28,CVCL_2955,cell
HuNS1,CVCL_2526,cell
HuO-3N1,CVCL_1297,cell
HuO9,CVCL_1298,cell
HuP-T3,CVCL_1299,cell
HuP-T4,CVCL_1300,cell
HuT 102,CVCL_3526,cell
HuT 78,CVCL_0337,cell
HuTu 80,CVCL_1301,cell
HuTu-80,CVCL_1301,cell
IA-LM,CVCL_1302,cell
IALM,CVCL_1302,cell
ICC106,CVCL_A1UZ,cell
ICC108,CVCL_A1VA,cell
ICC12,CVCL_A1VC,cell
ICC15,CVCL_A1VE,cell
ICC2,CVCL_VV27,cell
ICC3,CVCL_A1ZB,cell
ICC8,CVCL_A1VG,cell
ICC9,CVCL_A1VH,cell
IGR-1,CVCL_1303,cell
IGR-37,CVCL_2075,cell
IGR-39,CVCL_2076,cell
IGR1,CVCL_1303,cell
IGR37,CVCL_2075,cell
IGR39,CVCL_2076,cell
IGROV-1,CVCL_1304,cell
IGROV1,CVCL_1304,cell
IHH-4,CVCL_2960,cell
IM-9,CVCL_1305,cell
IM-95,CVCL_2961,cell
IM95,CVCL_2961,cell
IMR-32,CVCL_0346,cell
IMR-5,CVCL_1306,cell
IMR32,CVCL_0346,cell
INA6,CVCL_5209,cell
IOMM-Lee,CVCL_5779,cell
IPC-298,CVCL_1307,cell
IPC298,CVCL_1307,cell
ISHIKAWAHERAKLIO02ER,CVCL_6543,cell
IST-MEL1,CVCL_1308,cell
IST-MES1,CVCL_1311,cell
IST-MES2,CVCL_1312,cell
IST-SL1,CVCL_1313,cell
IST-SL2,CVCL_1314,cell
ISTMES1,CVCL_1311,cell
ISTMES2,CVCL_1312,cell
Ishikawa (Heraklio) 02 ER-,CVCL_6543,cell
J82,CVCL_0359,cell
JAR,CVCL_0360,cell
JEG-3,CVCL_0363,cell
JEG3,CVCL_0363,cell
JEKO-1,CVCL_1865,cell
JEKO1,CVCL_1865,cell
JH-EsoAd1,CVCL_8098,cell
JHC7,CVCL_L154,cell
JHH-1,CVCL_2785,cell
JHH-136,CVCL_VT28,cell
JHH-2,CVCL_2786,cell
JHH-4,CVCL_2787,cell
JHH-5,CVCL_0364,cell
JHH-520,CVCL_VT33,cell
JHH-6,CVCL_2788,cell
JHH-7,CVCL_2805,cell
JHH-DIPG-1,CVCL_IT47,cell
JHH1,CVCL_2785,cell
JHH2,CVCL_2786,cell
JHH4,CVCL_2787,cell
JHH5,CVCL_0364,cell
JHH6,CVCL_2788,cell
JHH7,CVCL_2805,cell
JHOC-5,CVCL_4640,cell
JHOC5,CVCL_4640,cell
JHOM-1,CVCL_4644,cell
JHOM-2B,CVCL_4645,cell
JHOM1,CVCL_4644,cell
JHOS-2,CVCL_4647,cell
JHOS-3,CVCL_4648,cell
JHOS-4,CVCL_4649,cell
JHOS2,CVCL_4647,cell
JHOS4,CVCL_4649,cell
JHU-011,CVCL_5986,cell
JHU-022,CVCL_5991,cell
JHU-029,CVCL_5993,cell
JHU011,CVCL_5986,cell
JHU022,CVCL_5991,cell
JHU029,CVCL_5993,cell
JHUEM-1,CVCL_4655,cell
JHUEM-2,CVCL_4656,cell
JHUEM-3,CVCL_4657,cell
JHUEM1,CVCL_4655,cell
JHUEM2,CVCL_4656,cell
JHUEM7,CVCL_4658,cell
JIM3,CVCL_2533,cell
JIMT-1,CVCL_2077,cell
JIMT1,CVCL_2077,cell
JIYOYE,CVCL_1317,cell
JJ012,CVCL_D605,cell
JJN-3,CVCL_2078,cell
JJN3,CVCL_2078,cell
JK-1,CVCL_2079,cell
JK-6L,CVCL_0C41,cell
JL-1,CVCL_2080,cell
JM1,CVCL_3532,cell
JMSU-1,CVCL_2081,cell
JMSU1,CVCL_2081,cell
JMURTK2,CVCL_4W58,cell
JOPACA1,CVCL_S507,cell
JSC-1,CVCL_3728,cell
JURKAT,CVCL_0065,cell
JURL-MK1,CVCL_2086,cell
JURLMK1,CVCL_2086,cell
JVM-2,CVCL_1319,cell
JVM-3,CVCL_1320,cell
JVM13,CVCL_1318,cell
JVM2,CVCL_1319,cell
JeKo-1,CVCL_1865,cell
JiyoyeP-2003,CVCL_1317,cell
Jurkat,CVCL_0065,cell
K-562,CVCL_0004,cell
K029AX,CVCL_8784,cell
K5,CVCL_1322,cell
K562,CVCL_0004,cell
KALS-1,CVCL_1323,cell
KALS1,CVCL_1323,cell
KARPAS-1106P,CVCL_1821,cell
KARPAS-231,CVCL_1822,cell
KARPAS-299,CVCL_1324,cell
KARPAS-422,CVCL_1325,cell
KARPAS-45,CVCL_1326,cell
KARPAS-620,CVCL_1823,cell
KARPAS1106P,CVCL_1821,cell
KARPAS231,CVCL_1822,cell
KARPAS299,CVCL_1324,cell
KARPAS422,CVCL_1325,cell
KASUMI-1,CVCL_0589,cell
KASUMI-2,CVCL_0590,cell
KASUMI1,CVCL_0589,cell
KASUMI2,CVCL_0590,cell
KASUMI3,CVCL_0612,cell
KATO III,CVCL_0371,cell
KATOIII,CVCL_0371,cell
KCI-MOH1,CVCL_2090,cell
KCL-22,CVCL_2091,cell
KCL22,CVCL_2091,cell
KD,CVCL_U757,cell
KE-37,CVCL_1327,cell
KE-39,CVCL_3385,cell
KE-97,CVCL_3386,cell
KE39,CVCL_3385,cell
KE97,CVCL_3386,cell
KELLY,CVCL_2092,cell
KG-1,CVCL_0374,cell
KG-1-C,CVCL_2971,cell
KG-1a,CVCL_1824,cell
KG1,CVCL_0374,cell
KGN,CVCL_0375,cell
KHM-11,CVCL_A633,cell
KHM-1B,CVCL_2972,cell
KHOS NP,CVCL_2546,cell
KHOS-240S,CVCL_2544,cell
KHOS-312H,CVCL_2545,cell
KHOS240S,CVCL_2544,cell
KHOS312H,CVCL_2545,cell
KIJK,CVCL_2093,cell
KINGS-1,CVCL_1328,cell
KK,CVCL_F844,cell
KKU100,CVCL_3996,cell
KKU213,CVCL_M261,cell
KLE,CVCL_1329,cell
KLM-1,CVCL_5146,cell
KM-H2,CVCL_1330,cell
KM12,CVCL_1331,cell
KMBC-2,CVCL_2977,cell
KMBC2,CVCL_2977,cell
KMCH1,CVCL_7970,cell
KMH-2,CVCL_1330,cell
KMH2,CVCL_1330,cell
KMM-1,CVCL_2981,cell
KMM1,CVCL_2981,cell
KMOE-2,CVCL_1332,cell
KMRC-1,CVCL_2983,cell
KMRC-2,CVCL_2984,cell
KMRC-20,CVCL_2986,cell
KMRC-3,CVCL_2985,cell
KMRC1,CVCL_2983,cell
KMRC20,CVCL_2986,cell
KMRC3,CVCL_2985,cell
KMS-11,CVCL_2989,cell
KMS-12-BM,CVCL_1334,cell
KMS-12-PE,CVCL_1333,cell
KMS-18,CVCL_A637,cell
KMS-20,CVCL_2990,cell
KMS-21BM,CVCL_2991,cell
KMS-26,CVCL_2992,cell
KMS-27,CVCL_2993,cell
KMS-28BM,CVCL_2994,cell
KMS-34,CVCL_2996,cell
KMS11,CVCL_2989,cell
KMS12BM,CVCL_1334,cell
KMS12PE,CVCL_1333,cell
KMS18,CVCL_A637,cell
KMS20,CVCL_2990,cell
KMS26,CVCL_2992,cell
KMS27,CVCL_2993,cell
KMS34,CVCL_2996,cell
KNS-42,CVCL_0378,cell
KNS-60,CVCL_2798,cell
KNS-62,CVCL_1335,cell
KNS-81,CVCL_2799,cell
KNS-81-FD,CVCL_2799,cell
KNS42,CVCL_0378,cell
KNS60,CVCL_2798,cell
KNS62,CVCL_1335,cell
KNS81,CVCL_2799,cell
KO52,CVCL_1321,cell
KOC7C,CVCL_5307,cell
KON,CVCL_3001,cell
KOPN-8,CVCL_1866,cell
KOPN8,CVCL_1866,cell
KOSC-2,CVCL_1337,cell
KP-1N,CVCL_3002,cell
KP-2,CVCL_3004,cell
KP-3,CVCL_3005,cell
KP-4,CVCL_1338,cell
KP-N-RT-BM-1,CVCL_1339,cell
KP-N-SI9s,CVCL_1340,cell
KP-N-YN,CVCL_1341,cell
KP-N-YS,CVCL_1342,cell
KP2,CVCL_3004,cell
KP3,CVCL_3005,cell
KP4,CVCL_1338,cell
KPL-1,CVCL_2094,cell
KPL1,CVCL_2094,cell
KPMRTRY,CVCL_7051,cell
KPNYN,CVCL_1341,cell
KS-1,CVCL_1343,cell
KU-19-19,CVCL_1344,cell
KU1919,CVCL_1344,cell
KU812,CVCL_0379,cell
KURAMOCHI,CVCL_1345,cell
KY821,CVCL_1346,cell
KYAE-1,CVCL_1825,cell
KYM-1,CVCL_3007,cell
KYO-1,CVCL_2095,cell
KYO1,CVCL_2095,cell
KYSE-140,CVCL_1347,cell
KYSE-150,CVCL_1348,cell
KYSE-180,CVCL_1349,cell
KYSE-220,CVCL_1359,cell
KYSE-270,CVCL_1350,cell
KYSE-30,CVCL_1351,cell
KYSE-410,CVCL_1352,cell
KYSE-450,CVCL_1353,cell
KYSE-50,CVCL_1360,cell
KYSE-510,CVCL_1354,cell
KYSE-520,CVCL_1355,cell
KYSE-70,CVCL_1356,cell
KYSE140,CVCL_1347,cell
KYSE150,CVCL_1348,cell
KYSE180,CVCL_1349,cell
KYSE270,CVCL_1350,cell
KYSE30,CVCL_1351,cell
KYSE410,CVCL_1352,cell
KYSE450,CVCL_1353,cell
KYSE510,CVCL_1354,cell
KYSE520,CVCL_1355,cell
KYSE70,CVCL_1356,cell
Karpas-1718,CVCL_2539,cell
Karpas-25,CVCL_2540,cell
Karpas-620,CVCL_1823,cell
Kasumi-6,CVCL_0614,cell
Ki-JK,CVCL_2093,cell
L-1236,CVCL_2096,cell
L-363,CVCL_1357,cell
L-428,CVCL_1361,cell
L-540,CVCL_1362,cell
L1236,CVCL_2096,cell
L3.3,CVCL_8147,cell
L33,CVCL_8147,cell
L363,CVCL_1357,cell
L591,CVCL_1867,cell
LAMA-84,CVCL_0388,cell
LAN-6,CVCL_1363,cell
LAN2,CVCL_1829,cell
LB1047-RCC,CVCL_1364,cell
LB2241-RCC,CVCL_1365,cell
LB2518-MEL,CVCL_1366,cell
LB373-MEL-D,CVCL_1367,cell
LB647-SCLC,CVCL_1368,cell
LB771-HNC,CVCL_1369,cell
LB831-BLC,CVCL_1370,cell
LB996-RCC,CVCL_1371,cell
LC-1-sq,CVCL_3008,cell
LC-1/sq-SF,CVCL_5480,cell
LC-1F,CVCL_1372,cell
LC-2-ad,CVCL_1373,cell
LC1SQSF,CVCL_5480,cell
LC4-1,CVCL_1374,cell
LC:A549/ATCC,CVCL_0023,cell
LC:EKVX,CVCL_1195,cell
LC:HOP-62,CVCL_1285,cell
LC:HOP-92,CVCL_1286,cell
LC:NCI-H226,CVCL_1544,cell
LC:NCI-H23,CVCL_1547,cell
LC:NCI-H322M,CVCL_1556,cell
LC:NCI-H460,CVCL_0459,cell
LC:NCI-H522,CVCL_1567,cell
LCLC-103H,CVCL_1375,cell
LCLC-97TM1,CVCL_1376,cell
LCLC103H,CVCL_1375,cell
LCLC97TM1,CVCL_1376,cell
LE:CCRF-CEM,CVCL_0207,cell
LE:HL-60(TB),CVCL_0002,cell
LE:K-562,CVCL_0004,cell
LE:MOLT-4,CVCL_0013,cell
LE:RPMI-8226,CVCL_0014,cell
LE:SR,CVCL_1711,cell
LI7,CVCL_3840,cell
LK-2,CVCL_1377,cell
LK2,CVCL_1377,cell
LMSU,CVCL_4849,cell
LN-18,CVCL_0392,cell
LN-215,CVCL_3954,cell
LN-229,CVCL_0393,cell
LN-235,CVCL_3957,cell
LN-319,CVCL_3958,cell
LN-340,CVCL_3955,cell
LN-405,CVCL_1378,cell
LN-428,CVCL_3959,cell
LN-443,CVCL_3960,cell
LN-464,CVCL_3962,cell
LN18,CVCL_0392,cell
LN229,CVCL_0393,cell
LN235,CVCL_3957,cell
LN319,CVCL_3958,cell
LN340,CVCL_3955,cell
LN382,CVCL_3956,cell
LN443,CVCL_3960,cell
LN464,CVCL_3962,cell
LNCAPCLONEFGC,CVCL_1379,cell
LNCaP clone FGC,CVCL_1379,cell
LNCaP-Clone-FGC,CVCL_1379,cell
LNZ308,CVCL_0394,cell
LNZTA3WT4,CVCL_3540,cell
LOU-NH91,CVCL_2104,cell
LOUCY,CVCL_1380,cell
LOUNH91,CVCL_2104,cell
LOVO,CVCL_0399,cell
LOX IMVI,CVCL_1381,cell
LOXIMVI,CVCL_1381,cell
LP-1,CVCL_0012,cell
LP1,CVCL_0012,cell
LPS141,CVCL_M823,cell
LPS27,CVCL_A1VQ,cell
LPS6,CVCL_A1VR,cell
LPS853,CVCL_V415,cell
LS,CVCL_2105,cell
LS 180,CVCL_0397,cell
LS-1034,CVCL_1382,cell
LS-123,CVCL_1383,cell
LS-180,CVCL_0397,cell
LS-411N,CVCL_1385,cell
LS-513,CVCL_1386,cell
LS030609,CVCL_IW35,cell
LS060208,CVCL_IW36,cell
LS1034,CVCL_1382,cell
LS123,CVCL_1383,cell
LS141,CVCL_M823,cell
LS174T,CVCL_1384,cell
LS180,CVCL_0397,cell
LS411N,CVCL_1385,cell
LS513,CVCL_1386,cell
LU-134-A,CVCL_1387,cell
LU-135,CVCL_1389,cell
LU-139,CVCL_1390,cell
LU-165,CVCL_1391,cell
LU-65,CVCL_1392,cell
LU-99A,CVCL_1393,cell
LU135,CVCL_1389,cell
LU65,CVCL_1392,cell
LU99,CVCL_1393,cell
LUDLU-1,CVCL_2582,cell
LUDLU1,CVCL_2582,cell
LXF-289,CVCL_1394,cell
LXF289,CVCL_1394,cell
LXFS 605L,CVCL_E7EL,cell
LXFS 650L,CVCL_E7EM,cell
LY3,CVCL_8800,cell
Li-7,CVCL_3840,cell
LoVo,CVCL_0399,cell
Loucy,CVCL_1380,cell
M-07e,CVCL_2106,cell
M059J,CVCL_0400,cell
M059K,CVCL_0401,cell
M14,CVCL_1395,cell
M202,CVCL_D746,cell
M207,CVCL_D747,cell
M229,CVCL_D748,cell
M230,CVCL_D749,cell
M233,CVCL_D750,cell
M238,CVCL_D751,cell
M244,CVCL_D753,cell
M245,CVCL_D754,cell
M257,CVCL_D757,cell
M262,CVCL_D758,cell
M263,CVCL_D759,cell
M275,CVCL_D760,cell
M285,CVCL_D761,cell
M288,CVCL_D762,cell
M296,CVCL_D763,cell
M299,CVCL_D765,cell
M308,CVCL_D766,cell
M318,CVCL_D767,cell
M328,CVCL_IW41,cell
M368,CVCL_D769,cell
M375,CVCL_D770,cell
MALME3M,CVCL_1438,cell
MB1,CVCL_2109,cell
MC-IXC,CVCL_1398,cell
MC116,CVCL_1399,cell
MCAS,CVCL_3020,cell
MCC13,CVCL_2583,cell
MCC142,CVCL_2584,cell
MCC26,CVCL_2585,cell
MCF10A,CVCL_0598,cell
MCF7,CVCL_0031,cell
MDA PCa 2b,CVCL_4748,cell
MDA-MB-134-VI,CVCL_0617,cell
MDA-MB-157,CVCL_0618,cell
MDA-MB-175-VII,CVCL_1400,cell
MDA-MB-231,CVCL_0062,cell
MDA-MB-330,CVCL_0619,cell
MDA-MB-361,CVCL_0620,cell
MDA-MB-415,CVCL_0621,cell
MDA-MB-435S,CVCL_0622,cell
MDA-MB-436,CVCL_0623,cell
MDA-MB-453,CVCL_0418,cell
MDA-MB-468,CVCL_0419,cell
MDA1186,CVCL_6977,cell
MDA1386TU,CVCL_H542,cell
MDA1586,CVCL_6981,cell
MDA1686,CVCL_AT79,cell
MDA886LN,CVCL_6987,cell
MDAMB134VI,CVCL_0617,cell
MDAMB157,CVCL_0618,cell
MDAMB175VII,CVCL_1400,cell
MDAMB231,CVCL_0062,cell
MDAMB361,CVCL_0620,cell
MDAMB415,CVCL_0621,cell
MDAMB435S,CVCL_0622,cell
MDAMB436,CVCL_0623,cell
MDAMB453,CVCL_0418,cell
MDAMB468,CVCL_0419,cell
MDST8,CVCL_2588,cell
ME-1,CVCL_2110,cell
ME-1 [Human leukemia],CVCL_2110,cell
ME-180,CVCL_1401,cell
ME:LOX IMVI,CVCL_1381,cell
ME:M14,CVCL_1395,cell
ME:MALME-3M,CVCL_1438,cell
ME:MDA-MB-435,CVCL_0622,cell
ME:MDA-N,CVCL_1910,cell
ME:SK-MEL-2,CVCL_0069,cell
ME:SK-MEL-28,CVCL_0526,cell
ME:SK-MEL-5,CVCL_0527,cell
ME:UACC-257,CVCL_1779,cell
ME:UACC-62,CVCL_1780,cell
MEC-1,CVCL_1870,cell
MEC-2,CVCL_1871,cell
MEC1,CVCL_1870,cell
MEG-01,CVCL_0425,cell
MEL-HO,CVCL_1402,cell
MEL-JUSO,CVCL_1403,cell
MEL202,CVCL_C301,cell
MEL285,CVCL_C303,cell
MEL290,CVCL_C304,cell
MELHO,CVCL_1402,cell
MELJUSO,CVCL_1403,cell
MERO14,CVCL_2590,cell
MERO82,CVCL_2594,cell
MES-SA,CVCL_1404,cell
MES-SA Dx5,CVCL_2598,cell
MESSA,CVCL_1404,cell
MEWO,CVCL_0445,cell
MFE-280,CVCL_1405,cell
MFE-296,CVCL_1406,cell
MFE-319,CVCL_2112,cell
MFE280,CVCL_1405,cell
MFE296,CVCL_1406,cell
MFE319,CVCL_2112,cell
MFH-ino,CVCL_1407,cell
MFM-223,CVCL_1408,cell
MFM223,CVCL_1408,cell
MG-63,CVCL_0426,cell
MG63,CVCL_0426,cell
MHH-CALL-2,CVCL_1409,cell
MHH-CALL-3,CVCL_0089,cell
MHH-CALL-4,CVCL_1410,cell
MHH-ES-1,CVCL_1411,cell
MHH-NB-11,CVCL_1412,cell
MHH-PREB-1,CVCL_1413,cell
MHHES1,CVCL_1411,cell
MHHNB11,CVCL_1412,cell
MHHPREB1,CVCL_1413,cell
MHM-25,CVCL_GZ63,cell
MHM-8,CVCL_GZ64,cell
MIA PaCa-2,CVCL_0428,cell
MIA-PaCa-2,CVCL_0428,cell
MIAPACA2,CVCL_0428,cell
MINO,CVCL_1872,cell
MJ,CVCL_1414,cell
MKN-45,CVCL_0434,cell
MKN1,CVCL_1415,cell
MKN28,CVCL_1416,cell
MKN45,CVCL_0434,cell
MKN7,CVCL_1417,cell
MKN74,CVCL_2791,cell
ML-1,CVCL_H525,cell
ML-2,CVCL_1418,cell
MLMA,CVCL_1419,cell
MM-M1,CVCL_M547,cell
MM.1-144,CVCL_EI97,cell
MM1-S,CVCL_8792,cell
MM1.R,CVCL_8794,cell
MM1.S,CVCL_8792,cell
MM127,CVCL_2601,cell
MM1S,CVCL_8792,cell
MM370,CVCL_2605,cell
MM383,CVCL_2606,cell
MM386,CVCL_2607,cell
MM426,CVCL_2609,cell
MMAc-SF,CVCL_1420,cell
MN-60,CVCL_1421,cell
MN60,CVCL_1421,cell
MNNGHOS,CVCL_0439,cell
MOG-G-CCM,CVCL_2613,cell
MOG-G-UVW,CVCL_2614,cell
MOLM-13,CVCL_2119,cell
MOLM-14,CVCL_7916,cell
MOLM-16,CVCL_2120,cell
MOLM-6,CVCL_2122,cell
MOLM13,CVCL_2119,cell
MOLP-2,CVCL_2123,cell
MOLP-8,CVCL_2124,cell
MOLP8,CVCL_2124,cell
MOLT-13,CVCL_1422,cell
MOLT-16,CVCL_1424,cell
MOLT-4,CVCL_0013,cell
MOLT3,CVCL_0624,cell
MOLT4,CVCL_0013,cell
MON,CVCL_M846,cell
MONO-MAC-1,CVCL_1425,cell
MONO-MAC-6,CVCL_1426,cell
MONOMAC1,CVCL_1425,cell
MOR/CPR,CVCL_2620,cell
MORCPR,CVCL_2620,cell
MOTN-1,CVCL_2127,cell
MPP 89,CVCL_1427,cell
MPP-89,CVCL_1427,cell
MPP89,CVCL_1427,cell
MRC-9,CVCL_2629,cell
MRK-nu-1,CVCL_1428,cell
MS-1,CVCL_1429,cell
MS751,CVCL_4996,cell
MSK922,CVCL_6989,cell
MSTO-211H,CVCL_1430,cell
MSTO211H,CVCL_1430,cell
MUGCHOR1,CVCL_9277,cell
MUTJ,CVCL_EI98,cell
MUTZ-5,CVCL_1873,cell
MUTZ3,CVCL_1433,cell
MV-4-11,CVCL_0064,cell
MV4-11,CVCL_0064,cell
MV411,CVCL_0064,cell
MY-M12,CVCL_3035,cell
MZ1-PC,CVCL_1434,cell
MZ2-MEL,CVCL_1435,cell
MZ7-mel,CVCL_1436,cell
Mac-1,CVCL_H631,cell
Mac-2A,CVCL_H637,cell
Mac-2B,CVCL_H638,cell
Malme-3M,CVCL_1438,cell
MeWo,CVCL_0445,cell
Mewo,CVCL_0445,cell
Mino,CVCL_1872,cell
Mo-T,CVCL_1439,cell
Mono-Mac-6,CVCL_1426,cell
NALM-1,CVCL_0091,cell
NALM-19,CVCL_1835,cell
NALM-6,CVCL_0092,cell
NALM6,CVCL_0092,cell
NAMALWA,CVCL_0067,cell
NB(TU)1-10,CVCL_3041,cell
NB-1,CVCL_1440,cell
NB-4,CVCL_0005,cell
NB1,CVCL_1440,cell
NB10,CVCL_1441,cell
NB12,CVCL_1442,cell
NB13,CVCL_1443,cell
NB14,CVCL_1444,cell
NB1643,CVCL_5627,cell
NB17,CVCL_1445,cell
NB4,CVCL_0005,cell
NB5,CVCL_8822,cell
NB6,CVCL_8823,cell
NB69,CVCL_1448,cell
NB7,CVCL_8824,cell
NCC-StC-K140,CVCL_3055,cell
NCC010,CVCL_X505,cell
NCC021,CVCL_X506,cell
NCCIT,CVCL_1451,cell
NCI-H1048,CVCL_1453,cell
NCI-H1092,CVCL_1454,cell
NCI-H1105,CVCL_1455,cell
NCI-H1112,CVCL_A485,cell
NCI-H1155,CVCL_1456,cell
NCI-H1184,CVCL_1458,cell
NCI-H128,CVCL_1460,cell
NCI-H1299,CVCL_0060,cell
NCI-H1304,CVCL_1462,cell
NCI-H1339,CVCL_A472,cell
NCI-H1341,CVCL_1463,cell
NCI-H1355,CVCL_1464,cell
NCI-H1373,CVCL_1465,cell
NCI-H1385,CVCL_1466,cell
NCI-H1395,CVCL_1467,cell
NCI-H1417,CVCL_1469,cell
NCI-H1435,CVCL_1470,cell
NCI-H1436,CVCL_1471,cell
NCI-H1437,CVCL_1472,cell
NCI-H146,CVCL_1473,cell
NCI-H1522,CVCL_1474,cell
NCI-H1563,CVCL_1475,cell
NCI-H1568,CVCL_1476,cell
NCI-H1573,CVCL_1478,cell
NCI-H1581,CVCL_1479,cell
NCI-H1618,CVCL_1480,cell
NCI-H1623,CVCL_1481,cell
NCI-H1648,CVCL_1482,cell
NCI-H1650,CVCL_1483,cell
NCI-H1651,CVCL_1484,cell
NCI-H1666,CVCL_1485,cell
NCI-H1672,CVCL_1486,cell
NCI-H1688,CVCL_1487,cell
NCI-H1693,CVCL_1488,cell
NCI-H1694,CVCL_1489,cell
NCI-H1703,CVCL_1490,cell
NCI-H1734,CVCL_1491,cell
NCI-H1755,CVCL_1492,cell
NCI-H1770,CVCL_1493,cell
NCI-H1781,CVCL_1494,cell
NCI-H1792,CVCL_1495,cell
NCI-H1793,CVCL_1496,cell
NCI-H1819,CVCL_1497,cell
NCI-H1836,CVCL_1498,cell
NCI-H1838,CVCL_1499,cell
NCI-H1869,CVCL_1500,cell
NCI-H187,CVCL_1501,cell
NCI-H1876,CVCL_1503,cell
NCI-H1882,CVCL_1504,cell
NCI-H1915,CVCL_1505,cell
NCI-H1930,CVCL_1507,cell
NCI-H1944,CVCL_1508,cell
NCI-H196,CVCL_1509,cell
NCI-H1963,CVCL_1510,cell
NCI-H1975,CVCL_1511,cell
NCI-H1993,CVCL_1512,cell
NCI-H2004RT,CVCL_WS70,cell
NCI-H2009,CVCL_1514,cell
NCI-H2023,CVCL_1515,cell
NCI-H2029,CVCL_1516,cell
NCI-H2030,CVCL_1517,cell
NCI-H2052,CVCL_1518,cell
NCI-H2066,CVCL_1520,cell
NCI-H2073,CVCL_1521,cell
NCI-H2077,CVCL_5157,cell
NCI-H2081,CVCL_1522,cell
NCI-H2085,CVCL_1523,cell
NCI-H2087,CVCL_1524,cell
NCI-H209,CVCL_1525,cell
NCI-H2106,CVCL_1526,cell
NCI-H2107,CVCL_1527,cell
NCI-H2108,CVCL_1528,cell
NCI-H211,CVCL_1529,cell
NCI-H2110,CVCL_1530,cell
NCI-H2122,CVCL_1531,cell
NCI-H2126,CVCL_1532,cell
NCI-H2135,CVCL_1533,cell
NCI-H2141,CVCL_1534,cell
NCI-H2170,CVCL_1535,cell
NCI-H2171,CVCL_1536,cell
NCI-H2172,CVCL_1537,cell
NCI-H2196,CVCL_1539,cell
NCI-H2198,CVCL_1540,cell
NCI-H220,CVCL_1541,cell
NCI-H2227,CVCL_1542,cell
NCI-H2228,CVCL_1543,cell
NCI-H226,CVCL_1544,cell
NCI-H2286,CVCL_1545,cell
NCI-H2291,CVCL_1546,cell
NCI-H23,CVCL_1547,cell
NCI-H2330,CVCL_1548,cell
NCI-H2342,CVCL_1549,cell
NCI-H2347,CVCL_1550,cell
NCI-H2369,CVCL_A532,cell
NCI-H2373,CVCL_A533,cell
NCI-H2405,CVCL_1551,cell
NCI-H2444,CVCL_1552,cell
NCI-H2452,CVCL_1553,cell
NCI-H2461,CVCL_A536,cell
NCI-H249,CVCL_A537,cell
NCI-H250,CVCL_1554,cell
NCI-H2591,CVCL_A543,cell
NCI-H2595,CVCL_A545,cell
NCI-H2722,CVCL_U994,cell
NCI-H2731,CVCL_U995,cell
NCI-H2795,CVCL_U996,cell
NCI-H28,CVCL_1555,cell
NCI-H2803,CVCL_U997,cell
NCI-H2804,CVCL_U998,cell
NCI-H2810,CVCL_U999,cell
NCI-H2818,CVCL_V000,cell
NCI-H2869,CVCL_V001,cell
NCI-H2882,CVCL_5158,cell
NCI-H2887,CVCL_5159,cell
NCI-H290,CVCL_A555,cell
NCI-H292,CVCL_0455,cell
NCI-H295R,CVCL_0458,cell
NCI-H3118,CVCL_A464,cell
NCI-H3122,CVCL_5160,cell
NCI-H322,CVCL_1556,cell
NCI-H322M,CVCL_1556,cell
NCI-H3255,CVCL_6831,cell
NCI-H345,CVCL_1558,cell
NCI-H358,CVCL_1559,cell
NCI-H378,CVCL_1560,cell
NCI-H441,CVCL_1561,cell
NCI-H446,CVCL_1562,cell
NCI-H460,CVCL_0459,cell
NCI-H508,CVCL_1564,cell
NCI-H510,CVCL_1565,cell
NCI-H510A,CVCL_1565,cell
NCI-H513,CVCL_A570,cell
NCI-H520,CVCL_1566,cell
NCI-H522,CVCL_1567,cell
NCI-H524,CVCL_1568,cell
NCI-H526,CVCL_1569,cell
NCI-H596,CVCL_1571,cell
NCI-H64,CVCL_1573,cell
NCI-H647,CVCL_1574,cell
NCI-H650,CVCL_1575,cell
NCI-H660,CVCL_1576,cell
NCI-H661,CVCL_1577,cell
NCI-H684,CVCL_9980,cell
NCI-H69,CVCL_1579,cell
NCI-H69/CPR,CVCL_2137,cell
NCI-H69/LX10,CVCL_2138,cell
NCI-H69VCR/R,CVCL_3058,cell
NCI-H711,CVCL_1580,cell
NCI-H716,CVCL_1581,cell
NCI-H719,CVCL_1582,cell
NCI-H720,CVCL_1583,cell
NCI-H727,CVCL_1584,cell
NCI-H735,CVCL_1585,cell
NCI-H740,CVCL_1586,cell
NCI-H747,CVCL_1587,cell
NCI-H748,CVCL_1588,cell
NCI-H774,CVCL_1589,cell
NCI-H810,CVCL_1590,cell
NCI-H82,CVCL_1591,cell
NCI-H835,CVCL_1593,cell
NCI-H838,CVCL_1594,cell
NCI-H841,CVCL_1595,cell
NCI-H847,CVCL_1596,cell
NCI-H854,CVCL_A584,cell
NCI-H865,CVCL_1597,cell
NCI-H889,CVCL_1598,cell
NCI-H929,CVCL_1600,cell
NCI-N87,CVCL_1603,cell
NCIH1048,CVCL_1453,cell
NCIH1092,CVCL_1454,cell
NCIH1155,CVCL_1456,cell
NCIH1299,CVCL_0060,cell
NCIH1339,CVCL_A472,cell
NCIH1355,CVCL_1464,cell
NCIH1373,CVCL_1465,cell
NCIH1435,CVCL_1470,cell
NCIH1437,CVCL_1472,cell
NCIH1563,CVCL_1475,cell
NCIH1568,CVCL_1476,cell
NCIH1573,CVCL_1478,cell
NCIH1581,CVCL_1479,cell
NCIH1623,CVCL_1481,cell
NCIH1648,CVCL_1482,cell
NCIH1650,CVCL_1483,cell
NCIH1651,CVCL_1484,cell
NCIH1666,CVCL_1485,cell
NCIH1693,CVCL_1488,cell
NCIH1694,CVCL_1489,cell
NCIH1703,CVCL_1490,cell
NCIH1792,CVCL_1495,cell
NCIH1793,CVCL_1496,cell
NCIH1838,CVCL_1499,cell
NCIH1915,CVCL_1505,cell
NCIH1944,CVCL_1508,cell
NCIH1975,CVCL_1511,cell
NCIH2009,CVCL_1514,cell
NCIH2023,CVCL_1515,cell
NCIH2030,CVCL_1517,cell
NCIH2052,CVCL_1518,cell
NCIH2087,CVCL_1524,cell
NCIH209,CVCL_1525,cell
NCIH211,CVCL_1529,cell
NCIH2110,CVCL_1530,cell
NCIH2122,CVCL_1531,cell
NCIH2126,CVCL_1532,cell
NCIH2170,CVCL_1535,cell
NCIH2172,CVCL_1537,cell
NCIH2228,CVCL_1543,cell
NCIH226,CVCL_1544,cell
NCIH2286,CVCL_1545,cell
NCIH2291,CVCL_1546,cell
NCIH23,CVCL_1547,cell
NCIH2347,CVCL_1550,cell
NCIH2444,CVCL_1552,cell
NCIH2452,CVCL_1553,cell
NCIH28,CVCL_1555,cell
NCIH2882,CVCL_5158,cell
NCIH2887,CVCL_5159,cell
NCIH292,CVCL_0455,cell
NCIH3122,CVCL_5160,cell
NCIH322,CVCL_1556,cell
NCIH358,CVCL_1559,cell
NCIH441,CVCL_1561,cell
NCIH446,CVCL_1562,cell
NCIH460,CVCL_0459,cell
NCIH520,CVCL_1566,cell
NCIH522,CVCL_1567,cell
NCIH526,CVCL_1569,cell
NCIH596,CVCL_1571,cell
NCIH647,CVCL_1574,cell
NCIH650,CVCL_1575,cell
NCIH661,CVCL_1577,cell
NCIH716,CVCL_1581,cell
NCIH727,CVCL_1584,cell
NCIH747,CVCL_1587,cell
NCIH82,CVCL_1591,cell
NCIH838,CVCL_1594,cell
NCIH841,CVCL_1595,cell
NCIN87,CVCL_1603,cell
NCO2,CVCL_3043,cell
NEC8,CVCL_1604,cell
NGP,CVCL_2141,cell
NH-12,CVCL_1605,cell
NH-6,CVCL_1606,cell
NHAHTDD,CVCL_WS73,cell
NIH:OVCAR-3,CVCL_0465,cell
NK-92MI,CVCL_3755,cell
NKM-1,CVCL_1607,cell
NMC-G1,CVCL_1608,cell
NMCG1,CVCL_1608,cell
NOMO-1,CVCL_1609,cell
NOMO1,CVCL_1609,cell
NOS-1,CVCL_1610,cell
NOU1,CVCL_S912,cell
NOZ,CVCL_3079,cell
NP2,CVCL_A9SM,cell
NP3,CVCL_A9SN,cell
NP8,CVCL_4W66,cell
NTERA-2-cl-D1,CVCL_3407,cell
NU-DHL-1,CVCL_1876,cell
NU-DUL-1,CVCL_1877,cell
NUDHL1,CVCL_1876,cell
NUGC-2,CVCL_1611,cell
NUGC-3,CVCL_1612,cell
NUGC-4,CVCL_3082,cell
NUGC3,CVCL_1612,cell
NUGC4,CVCL_3082,cell
NY,CVCL_1613,cell
Namalwa,CVCL_0067,cell
OACM5-1,CVCL_1842,cell
OACM51,CVCL_1842,cell
OACp4C,CVCL_1843,cell
OAW-28,CVCL_1614,cell
OAW-42,CVCL_1615,cell
OAW28,CVCL_1614,cell
OAW42,CVCL_1615,cell
OC 314,CVCL_1616,cell
OC 315,CVCL_1617,cell
OC 316,CVCL_1618,cell
OC-314,CVCL_1616,cell
OC314,CVCL_1616,cell
OC316,CVCL_1618,cell
OCC1,CVCL_C829,cell
OCI-AML2,CVCL_1619,cell
OCI-AML3,CVCL_1844,cell
OCI-AML5,CVCL_1620,cell
OCI-LY-19,CVCL_1878,cell
OCI-LY10,CVCL_8795,cell
OCI-LY3,CVCL_8800,cell
OCI-LY7,CVCL_1881,cell
OCI-Ly10,CVCL_8795,cell
OCI-Ly12,CVCL_8796,cell
OCI-Ly18,CVCL_1880,cell
OCI-Ly3,CVCL_8800,cell
OCI-Ly8,CVCL_8803,cell
OCI-M1,CVCL_2149,cell
OCI-My1,CVCL_E338,cell
OCI-My7,CVCL_E333,cell
OCIAML2,CVCL_1619,cell
OCIAML3,CVCL_1844,cell
OCIC5X,CVCL_DH06,cell
OCILY10,CVCL_8795,cell
OCILY19,CVCL_1878,cell
OCILY7,CVCL_1881,cell
OCIM2,CVCL_2150,cell
OCIMY5,CVCL_E332,cell
OCIMY7,CVCL_E333,cell
OCUB-M,CVCL_1621,cell
OCUG1,CVCL_3083,cell
OCUM-1,CVCL_3084,cell
OCUM1,CVCL_3084,cell
OE19,CVCL_1622,cell
OE21,CVCL_2661,cell
OE33,CVCL_0471,cell
OELE,CVCL_IW56,cell
OHS,CVCL_B450,cell
OMC-1,CVCL_1623,cell
ONCO-DG-1,CVCL_1882,cell
ONCODG1,CVCL_1882,cell
ONDA7,CVCL_4W67,cell
ONDA8,CVCL_4W68,cell
ONDA9,CVCL_1R14,cell
ONS-76,CVCL_1624,cell
ONS76,CVCL_1624,cell
OPM-1,CVCL_5210,cell
OPM-2,CVCL_1625,cell
OPM1,CVCL_5210,cell
OPM2,CVCL_1625,cell
OS-RC-2,CVCL_1626,cell
OS252,CVCL_WU66,cell
OSC-19,CVCL_3086,cell
OSC-20,CVCL_3087,cell
OSC19,CVCL_3086,cell
OSRC2,CVCL_1626,cell
OUMS-23,CVCL_3088,cell
OUMS-27,CVCL_3090,cell
OUMS23,CVCL_3088,cell
OV-17R,CVCL_2672,cell
OV-56,CVCL_2673,cell
OV-7,CVCL_2675,cell
OV-90,CVCL_3768,cell
OV167,CVCL_A402,cell
OV207,CVCL_A404,cell
OV56,CVCL_2673,cell
OV7,CVCL_2675,cell
OV90,CVCL_3768,cell
OV:IGROV1,CVCL_1304,cell
OV:NCI/ADR-RES,CVCL_1452,cell
OV:OVCAR-3,CVCL_0465,cell
OV:OVCAR-4,CVCL_1627,cell
OV:OVCAR-5,CVCL_1628,cell
OV:OVCAR-8,CVCL_1629,cell
OV:SK-OV-3,CVCL_0532,cell
OVCA420,CVCL_3935,cell
OVCA429,CVCL_3936,cell
OVCA433,CVCL_0475,cell
OVCAR-3,CVCL_0465,cell
OVCAR-4,CVCL_1627,cell
OVCAR-5,CVCL_1628,cell
OVCAR-8,CVCL_1629,cell
OVCAR3,CVCL_0465,cell
OVCAR4,CVCL_1627,cell
OVCAR5,CVCL_1628,cell
OVCAR8,CVCL_1629,cell
OVISE,CVCL_3116,cell
OVK-18,CVCL_3770,cell
OVK18,CVCL_3770,cell
OVKATE,CVCL_3110,cell
OVMANA,CVCL_3111,cell
OVMIU,CVCL_3112,cell
OVSAHO,CVCL_3114,cell
OVTOKO,CVCL_3117,cell
P12-ICHIKAWA,CVCL_1630,cell
P30-OHK,CVCL_1631,cell
P31-FUJ,CVCL_1632,cell
P31/FUJ,CVCL_1632,cell
P31FUJ,CVCL_1632,cell
P32-ISH,CVCL_3119,cell
P3HR-1,CVCL_2676,cell
P3HR1,CVCL_2676,cell
PA-1,CVCL_0479,cell
PA-TU-8902,CVCL_1845,cell
PA-TU-8988S,CVCL_1846,cell
PA-TU-8988T,CVCL_1847,cell
PA1,CVCL_0479,cell
PACADD119,CVCL_1848,cell
PACADD137,CVCL_1850,cell
PACADD161,CVCL_M466,cell
PACADD165,CVCL_M467,cell
PACADD188,CVCL_M469,cell
PANC-02-03,CVCL_1633,cell
PANC-03-27,CVCL_1635,cell
PANC-04-03,CVCL_1636,cell
PANC-08-13,CVCL_1638,cell
PANC-1,CVCL_0480,cell
PANC-10-05,CVCL_1639,cell
PANC0203,CVCL_1633,cell
PANC0327,CVCL_1635,cell
PANC0403,CVCL_1636,cell
PANC0504,CVCL_1637,cell
PANC0813,CVCL_1638,cell
PANC1,CVCL_0480,cell
PANC1005,CVCL_1639,cell
PATU8902,CVCL_1845,cell
PATU8988S,CVCL_1846,cell
PATU8988T,CVCL_1847,cell
PC-14,CVCL_1640,cell
PC-3,CVCL_0035,cell
PC14,CVCL_1640,cell
PC3,CVCL_0035,cell
PC9,CVCL_B260,cell
PCI-15A,CVCL_C184,cell
PCI-30,CVCL_C757,cell
PCI-38,CVCL_M471,cell
PCI-4B,CVCL_C171,cell
PCI-6A,CVCL_C173,cell
PCI13,CVCL_C182,cell
PCI15A,CVCL_C184,cell
PCI24,CVCL_AT94,cell
PCM6,CVCL_4666,cell
PE-2,CVCL_QX07,cell
PE-CA-PJ15,CVCL_2678,cell
PE/CA-PJ15,CVCL_2678,cell
PE/CA-PJ34 (clone C12),CVCL_2679,cell
PE/CA-PJ41 (clone D2),CVCL_2680,cell
PE/CA-PJ49,CVCL_2681,cell
PEA1,CVCL_2682,cell
PEA2,CVCL_2683,cell
PECAPJ15,CVCL_2678,cell
PECAPJ34CLONEC12,CVCL_2679,cell
PECAPJ41CLONED2,CVCL_2680,cell
PECAPJ49,CVCL_2681,cell
PEER,CVCL_1913,cell
PEO,CVCL_2686,cell
PEO1,CVCL_2686,cell
PEO14,CVCL_2687,cell
PEO4,CVCL_2690,cell
PF-382,CVCL_1641,cell
PF382,CVCL_1641,cell
PFEIFFER,CVCL_3326,cell
PFSK-1,CVCL_1642,cell
PJ34,CVCL_2679,cell
PK-1,CVCL_4717,cell
PK-45H,CVCL_6748,cell
PK-59,CVCL_4897,cell
PK1,CVCL_4717,cell
PK45H,CVCL_6748,cell
PK59,CVCL_4897,cell
PL-21,CVCL_2161,cell
PL4,CVCL_S976,cell
PL45,CVCL_3567,cell
PLB985,CVCL_2162,cell
PLC/PRF/5,CVCL_0485,cell
PLCPRF5,CVCL_0485,cell
PMDC05,CVCL_5G47,cell
PR:DU-145,CVCL_0105,cell
PR:PC-3,CVCL_0035,cell
PSN1,CVCL_1644,cell
PWR-1E,CVCL_3775,cell
Panc 02.03,CVCL_1633,cell
Panc 02.13,CVCL_1634,cell
Panc 03.27,CVCL_1635,cell
Panc 04.03,CVCL_1636,cell
Panc 05.04,CVCL_1637,cell
Panc 08.13,CVCL_1638,cell
Panc 10.05,CVCL_1639,cell
Pfeiffer,CVCL_3326,cell
PrEC LH,CVCL_V626,cell
QGP-1,CVCL_3143,cell
QGP1,CVCL_3143,cell
QIMR-WIL,CVCL_1645,cell
R262,CVCL_VU83,cell
RAJI,CVCL_0511,cell
RAMOS,CVCL_0597,cell
RBE,CVCL_4896,cell
RC-K8,CVCL_1883,cell
RCC-4,CVCL_0498,cell
RCC-AB,CVCL_5868,cell
RCC-ER,CVCL_5870,cell
RCC-FG2,CVCL_5873,cell
RCC-JF,CVCL_5879,cell
RCC-JW,CVCL_5880,cell
RCC-MF,CVCL_5884,cell
RCC10RGB,CVCL_1647,cell
RCCER,CVCL_5870,cell
RCCFG1,CVCL_5872,cell
RCCGS,CVCL_5875,cell
RCCHB,CVCL_5877,cell
RCCJF,CVCL_5879,cell
RCCJW,CVCL_5880,cell
RCCKL,CVCL_5881,cell
RCCMF,CVCL_5884,cell
RCCMH,CVCL_5885,cell
RCCWK,CVCL_5888,cell
RCH-ACV,CVCL_1851,cell
RCK8,CVCL_1883,cell
RCM-1,CVCL_1648,cell
RCM1,CVCL_1648,cell
RD,CVCL_1649,cell
RD-ES,CVCL_2169,cell
RDES,CVCL_2169,cell
RE:786-0,CVCL_1051,cell
RE:A498,CVCL_1056,cell
RE:ACHN,CVCL_1067,cell
RE:CAKI-1,CVCL_0234,cell
RE:RXF 393,CVCL_1673,cell
RE:SN12C,CVCL_1705,cell
RE:TK-10,CVCL_1773,cell
RE:UO-31,CVCL_1911,cell
REC-1,CVCL_1884,cell
REC1,CVCL_1884,cell
REH,CVCL_1650,cell
RERF-GC-1B,CVCL_3152,cell
RERF-LC-AI,CVCL_4402,cell
RERF-LC-Ad1,CVCL_1651,cell
RERF-LC-Ad2,CVCL_1652,cell
RERF-LC-KJ,CVCL_1654,cell
RERF-LC-MS,CVCL_1655,cell
RERF-LC-Sq1,CVCL_1656,cell
RERFLCAD1,CVCL_1651,cell
RERFLCAD2,CVCL_1652,cell
RERFLCAI,CVCL_4402,cell
RERFLCKJ,CVCL_1654,cell
RERFLCMS,CVCL_1655,cell
RF-48,CVCL_1657,cell
RH-1,CVCL_1658,cell
RH-18,CVCL_1659,cell
RH-30,CVCL_0041,cell
RH-41,CVCL_2176,cell
RH18DM,CVCL_1659,cell
RH28,CVCL_8752,cell
RH30,CVCL_0041,cell
RH4,CVCL_5916,cell
RHJT,CVCL_VU81,cell
RI-1,CVCL_1885,cell
RI1,CVCL_1885,cell
RKN,CVCL_3156,cell
RKO,CVCL_0504,cell
RL,CVCL_1660,cell
RL95-2,CVCL_0505,cell
RL952,CVCL_0505,cell
RMG-I,CVCL_1662,cell
RMG1,CVCL_1662,cell
RMGI,CVCL_1662,cell
RMS559,CVCL_S640,cell
RMUG-S,CVCL_3158,cell
RMUGS,CVCL_3158,cell
RO82-W-1,CVCL_0582,cell
ROS-50,CVCL_1887,cell
RPMI 8226,CVCL_0014,cell
RPMI-6666,CVCL_1665,cell
RPMI-7951,CVCL_1666,cell
RPMI-8226,CVCL_0014,cell
RPMI-8402,CVCL_1667,cell
RPMI-8866,CVCL_1668,cell
RPMI7951,CVCL_1666,cell
RPMI8226,CVCL_0014,cell
RS-5,CVCL_2182,cell
RS4-11,CVCL_0093,cell
RS4;11,CVCL_0093,cell
RT-112,CVCL_1670,cell
RT-4,CVCL_0036,cell
RT112,CVCL_1670,cell
RT112/84,CVCL_2714,cell
RT11284,CVCL_2714,cell
RT4,CVCL_0036,cell
RVH-421,CVCL_1672,cell
RVH421,CVCL_1672,cell
RXF393,CVCL_1673,cell
Raji,CVCL_0511,cell
Ramos-2G6-4C10,CVCL_1646,cell
Reh,CVCL_1650,cell
Rh1,CVCL_1658,cell
Rh18,CVCL_1659,cell
Rh18c,CVCL_DG02,cell
Rh28,CVCL_8752,cell
Rh28 PX11/LPAM,CVCL_Y584,cell
Rh30,CVCL_0041,cell
Rh36,CVCL_M599,cell
Rh4,CVCL_5916,cell
Rh41,CVCL_2176,cell
Ri-1,CVCL_1885,cell
S-117,CVCL_1674,cell
S117,CVCL_1674,cell
SACHI,CVCL_M501,cell
SALE,CVCL_WS60,cell
SAOS-2,CVCL_0548,cell
SAOS2,CVCL_0548,cell
SAS,CVCL_1675,cell
SAT,CVCL_3160,cell
SBC-1,CVCL_1676,cell
SBC-3,CVCL_1678,cell
SBC-5,CVCL_1679,cell
SBC5,CVCL_1679,cell
SBCL2,CVCL_D732,cell
SC-1,CVCL_1888,cell
SCABER,CVCL_3599,cell
SCC-15,CVCL_1681,cell
SCC-25,CVCL_1682,cell
SCC-3,CVCL_1683,cell
SCC-4,CVCL_1684,cell
SCC-9,CVCL_1685,cell
SCC15,CVCL_1681,cell
SCC25,CVCL_1682,cell
SCC3,CVCL_1683,cell
SCC4,CVCL_1684,cell
SCC61,CVCL_7118,cell
SCC90,CVCL_1899,cell
SCCOHT1,CVCL_VU69,cell
SCH,CVCL_1687,cell
SCLC-21H,CVCL_0024,cell
SCMCRM2,CVCL_A667,cell
SCS214,CVCL_WU91,cell
SCaBER,CVCL_3599,cell
SEKI,CVCL_3162,cell
SEM,CVCL_0095,cell
SEMK2,CVCL_S906,cell
SF-172,CVCL_V613,cell
SF-295,CVCL_1690,cell
SF126,CVCL_1688,cell
SF172,CVCL_V613,cell
SF268,CVCL_1689,cell
SF295,CVCL_1690,cell
SF539,CVCL_1691,cell
SF767,CVCL_6950,cell
SG231,CVCL_0519,cell
SH-10-TC,CVCL_5167,cell
SH-4,CVCL_1692,cell
SH-EP,CVCL_0524,cell
SH-SY5Y,CVCL_0019,cell
SH10TC,CVCL_5167,cell
SH4,CVCL_1692,cell
SHI1,CVCL_2191,cell
SHP-77,CVCL_1693,cell
SHP77,CVCL_1693,cell
SIG-M5,CVCL_1694,cell
SIHA,CVCL_0032,cell
SIMA,CVCL_1695,cell
SISO,CVCL_2193,cell
SJSA-1,CVCL_1697,cell
SJSA1,CVCL_1697,cell
SK-BR-3,CVCL_0033,cell
SK-CO-1,CVCL_0626,cell
SK-ES-1,CVCL_0627,cell
SK-GT-2,CVCL_2194,cell
SK-GT-4,CVCL_2195,cell
SK-HEP-1,CVCL_0525,cell
SK-LMS-1,CVCL_0628,cell
SK-LU-1,CVCL_0629,cell
SK-MEL-1,CVCL_0068,cell
SK-MEL-2,CVCL_0069,cell
SK-MEL-24,CVCL_0599,cell
SK-MEL-28,CVCL_0526,cell
SK-MEL-3,CVCL_0550,cell
SK-MEL-30,CVCL_0039,cell
SK-MEL-31,CVCL_0600,cell
SK-MEL-5,CVCL_0527,cell
SK-MES-1,CVCL_0630,cell
SK-MG-1,CVCL_1698,cell
SK-MM-1,CVCL_A478,cell
SK-MM-2,CVCL_1699,cell
SK-N-AS,CVCL_1700,cell
SK-N-BE(2),CVCL_0528,cell
SK-N-DZ,CVCL_1701,cell
SK-N-FI,CVCL_1702,cell
SK-N-MC,CVCL_0530,cell
SK-N-SH,CVCL_0531,cell
SK-OV-3,CVCL_0532,cell
SK-PN-DW,CVCL_1703,cell
SK-RC 31,CVCL_6186,cell
SK-RC-20,CVCL_V605,cell
SK-UT-1,CVCL_0533,cell
SK-UT-1B,CVCL_2250,cell
SKBR3,CVCL_0033,cell
SKES1,CVCL_0627,cell
SKG-IIIa,CVCL_1704,cell
SKGI,CVCL_2793,cell
SKGII,CVCL_2794,cell
SKGT2,CVCL_2194,cell
SKGT4,CVCL_2195,cell
SKHEP1,CVCL_0525,cell
SKLMS1,CVCL_0628,cell
SKLU1,CVCL_0629,cell
SKM-1,CVCL_0098,cell
SKMEL1,CVCL_0068,cell
SKMEL173,CVCL_6090,cell
SKMEL19,CVCL_6025,cell
SKMEL2,CVCL_0069,cell
SKMEL24,CVCL_0599,cell
SKMEL28,CVCL_0526,cell
SKMEL3,CVCL_0550,cell
SKMEL30,CVCL_0039,cell
SKMEL31,CVCL_0600,cell
SKMEL5,CVCL_0527,cell
SKMES1,CVCL_0630,cell
SKMM2,CVCL_1699,cell
SKN,CVCL_3167,cell
SKN-3,CVCL_3168,cell
SKNAS,CVCL_1700,cell
SKNBE2,CVCL_0528,cell
SKNDZ,CVCL_1701,cell
SKNEP1,CVCL_0631,cell
SKNFI,CVCL_1702,cell
SKNMC,CVCL_0530,cell
SKNO1,CVCL_2196,cell
SKOV3,CVCL_0532,cell
SKPNDW,CVCL_1703,cell
SKPNETLI,CVCL_A748,cell
SKRC20,CVCL_V605,cell
SKUT1,CVCL_0533,cell
SKUT1B,CVCL_2250,cell
SKUT2,CVCL_IW37,cell
SLR 20,CVCL_V606,cell
SLR 21,CVCL_V607,cell
SLR 23,CVCL_V609,cell
SLR 24,CVCL_V610,cell
SLR 25,CVCL_V611,cell
SLR 26,CVCL_V612,cell
SLR20,CVCL_V606,cell
SLR23,CVCL_V609,cell
SLR24,CVCL_V610,cell
SLR26,CVCL_V612,cell
SLVL,CVCL_3169,cell
SMSCTR,CVCL_A770,cell
SMZ1,CVCL_RL84,cell
SN12C,CVCL_1705,cell
SNB-19,CVCL_0535,cell
SNB75,CVCL_1706,cell
SNG-M,CVCL_1707,cell
SNGII,CVCL_3170,cell
SNGM,CVCL_1707,cell
SNU-1,CVCL_0099,cell
SNU-1033,CVCL_5002,cell
SNU-1040,CVCL_5003,cell
SNU-1041,CVCL_L085,cell
SNU-1066,CVCL_5005,cell
SNU-1076,CVCL_5006,cell
SNU-1077,CVCL_5007,cell
SNU-1079,CVCL_5008,cell
SNU-1105,CVCL_5010,cell
SNU-119,CVCL_5014,cell
SNU-1196,CVCL_5015,cell
SNU-1197,CVCL_5016,cell
SNU-1214,CVCL_5017,cell
SNU-1272,CVCL_8788,cell
SNU-16,CVCL_0076,cell
SNU-175,CVCL_5031,cell
SNU-182,CVCL_0090,cell
SNU-201,CVCL_5033,cell
SNU-213,CVCL_5034,cell
SNU-216,CVCL_3946,cell
SNU-245,CVCL_5038,cell
SNU-283,CVCL_5044,cell
SNU-308,CVCL_5048,cell
SNU-324,CVCL_5051,cell
SNU-349,CVCL_5054,cell
SNU-387,CVCL_0250,cell
SNU-398,CVCL_0077,cell
SNU-407,CVCL_5058,cell
SNU-410,CVCL_5059,cell
SNU-423,CVCL_0366,cell
SNU-449,CVCL_0454,cell
SNU-46,CVCL_5063,cell
SNU-466,CVCL_5064,cell
SNU-475,CVCL_0497,cell
SNU-478,CVCL_5065,cell
SNU-489,CVCL_5069,cell
SNU-5,CVCL_0078,cell
SNU-503,CVCL_5071,cell
SNU-520,CVCL_5072,cell
SNU-601,CVCL_0101,cell
SNU-61,CVCL_5078,cell
SNU-620,CVCL_5079,cell
SNU-626,CVCL_5080,cell
SNU-668,CVCL_5081,cell
SNU-685,CVCL_5083,cell
SNU-719,CVCL_5086,cell
SNU-738,CVCL_5087,cell
SNU-761,CVCL_5089,cell
SNU-8,CVCL_5096,cell
SNU-81,CVCL_5098,cell
SNU-840,CVCL_5100,cell
SNU-869,CVCL_5101,cell
SNU-878,CVCL_5102,cell
SNU-886,CVCL_5103,cell
SNU-899,CVCL_5105,cell
SNU-C1,CVCL_1708,cell
SNU-C2A,CVCL_1709,cell
SNU-C2B,CVCL_1710,cell
SNU-C4,CVCL_5111,cell
SNU-C5,CVCL_5112,cell
SNU1,CVCL_0099,cell
SNU1033,CVCL_5002,cell
SNU1041,CVCL_L085,cell
SNU1066,CVCL_5005,cell
SNU1076,CVCL_5006,cell
SNU1077,CVCL_5007,cell
SNU1079,CVCL_5008,cell
SNU1105,CVCL_5010,cell
SNU1196,CVCL_5015,cell
SNU1214,CVCL_5017,cell
SNU1544,CVCL_5027,cell
SNU16,CVCL_0076,cell
SNU182,CVCL_0090,cell
SNU201,CVCL_5033,cell
SNU213,CVCL_5034,cell
SNU216,CVCL_3946,cell
SNU245,CVCL_5038,cell
SNU308,CVCL_5048,cell
SNU349,CVCL_5054,cell
SNU387,CVCL_0250,cell
SNU398,CVCL_0077,cell
SNU407,CVCL_5058,cell
SNU410,CVCL_5059,cell
SNU423,CVCL_0366,cell
SNU449,CVCL_0454,cell
SNU46,CVCL_5063,cell
SNU466,CVCL_5064,cell
SNU475,CVCL_0497,cell
SNU478,CVCL_5065,cell
SNU5,CVCL_0078,cell
SNU503,CVCL_5071,cell
SNU601,CVCL_0101,cell
SNU61,CVCL_5078,cell
SNU626,CVCL_5080,cell
SNU638,CVCL_0102,cell
SNU668,CVCL_5081,cell
SNU685,CVCL_5083,cell
SNU719,CVCL_5086,cell
SNU738,CVCL_5087,cell
SNU761,CVCL_5089,cell
SNU8,CVCL_5096,cell
SNU81,CVCL_5098,cell
SNU840,CVCL_5100,cell
SNU869,CVCL_5101,cell
SNU886,CVCL_5103,cell
SNUC1,CVCL_1708,cell
SNUC2A,CVCL_1709,cell
SNUC2B,CVCL_1710,cell
SNUC4,CVCL_5111,cell
SNUC5,CVCL_5112,cell
SPAC1L,CVCL_IW47,cell
SQ1,CVCL_4900,cell
SQCCY1,CVCL_0551,cell
SR,CVCL_1711,cell
SSP25,CVCL_4902,cell
ST486,CVCL_1712,cell
ST8814,CVCL_8916,cell
STM9101,CVCL_8000,cell
STS-0421,CVCL_X508,cell
SU-DHL-1,CVCL_0538,cell
SU-DHL-10,CVCL_1889,cell
SU-DHL-16,CVCL_1890,cell
SU-DHL-2,CVCL_9550,cell
SU-DHL-4,CVCL_0539,cell
SU-DHL-5,CVCL_1735,cell
SU-DHL-6,CVCL_2206,cell
SU-DHL-8,CVCL_2207,cell
SU-DHL-9,CVCL_4379,cell
SU-DIPG-IV,CVCL_IT39,cell
SU-DIPG-VI,CVCL_IT40,cell
SU-DIPG-XIII,CVCL_IT41,cell
SU.86.86,CVCL_3881,cell
SU8686,CVCL_3881,cell
SUDHL10,CVCL_1889,cell
SUDHL16,CVCL_1890,cell
SUDHL4,CVCL_0539,cell
SUDHL5,CVCL_1735,cell
SUDHL6,CVCL_2206,cell
SUDHL8,CVCL_2207,cell
SUIT-2,CVCL_3172,cell
SUIT2,CVCL_3172,cell
SUM149PT,CVCL_3422,cell
SUM159PT,CVCL_5423,cell
SUM190,CVCL_3423,cell
SUM225,CVCL_5593,cell
SUM229PE,CVCL_5594,cell
SUM52PE,CVCL_3425,cell
SUP-B15,CVCL_0103,cell
SUP-B8,CVCL_1713,cell
SUP-HD1,CVCL_2208,cell
SUP-M2,CVCL_2209,cell
SUP-T1,CVCL_1714,cell
SUP-T11,CVCL_2210,cell
SUPM2,CVCL_2209,cell
SUPT1,CVCL_1714,cell
SW 1088,CVCL_1715,cell
SW 1271,CVCL_1716,cell
SW 1353,CVCL_0543,cell
SW 1573,CVCL_1720,cell
SW 1783,CVCL_1722,cell
SW 1990,CVCL_1723,cell
SW 684,CVCL_1726,cell
SW 780,CVCL_1728,cell
SW 900,CVCL_1731,cell
SW 982,CVCL_1734,cell
SW-1710,CVCL_1721,cell
SW1088,CVCL_1715,cell
SW1116,CVCL_0544,cell
SW1271,CVCL_1716,cell
SW13,CVCL_0542,cell
SW1353,CVCL_0543,cell
SW1417,CVCL_1717,cell
SW1463,CVCL_1718,cell
SW156,CVCL_1719,cell
SW1573,CVCL_1720,cell
SW1710,CVCL_1721,cell
SW1783,CVCL_1722,cell
SW1990,CVCL_1723,cell
SW403,CVCL_0545,cell
SW48,CVCL_1724,cell
SW480,CVCL_0546,cell
SW579,CVCL_3603,cell
SW620,CVCL_0547,cell
SW626,CVCL_1725,cell
SW684,CVCL_1726,cell
SW756,CVCL_1727,cell
SW780,CVCL_1728,cell
SW837,CVCL_1729,cell
SW872,CVCL_1730,cell
SW900,CVCL_1731,cell
SW948,CVCL_0632,cell
SW954,CVCL_1732,cell
SW962,CVCL_1733,cell
SW982,CVCL_1734,cell
SYO-1,CVCL_7146,cell
SYO1,CVCL_7146,cell
SaOS-2,CVCL_0548,cell
Saos-2,CVCL_0548,cell
Set-2,CVCL_2187,cell
Sez-4,CVCL_8330,cell
SiHa,CVCL_0032,cell
Sq-1,CVCL_4900,cell
T-47D,CVCL_0553,cell
T-T,CVCL_1774,cell
T.T,CVCL_1774,cell
T1-73,CVCL_3605,cell
T24,CVCL_0554,cell
T24T,CVCL_M892,cell
T24T FL3,CVCL_M897,cell
T3M-10,CVCL_8067,cell
T3M-4,CVCL_4056,cell
T3M10,CVCL_8067,cell
T3M4,CVCL_4056,cell
T47D,CVCL_0553,cell
T84,CVCL_0555,cell
T98G,CVCL_0556,cell
TALL-1,CVCL_1736,cell
TANOUE,CVCL_1852,cell
TC-32,CVCL_7151,cell
TC-71,CVCL_2213,cell
TC-YIK,CVCL_1737,cell
TC138,CVCL_4Z30,cell
TC205,CVCL_4Z31,cell
TC248,CVCL_4Z35,cell
TC32,CVCL_7151,cell
TC587,CVCL_ZV62,cell
TC71,CVCL_2213,cell
TCC-PAN2,CVCL_3178,cell
TCCPAN2,CVCL_3178,cell
TCCSUP,CVCL_1738,cell
TDOTT,CVCL_3174,cell
TE 125.T,CVCL_1740,cell
TE 159.T,CVCL_1743,cell
TE 441.T,CVCL_1754,cell
TE 617.T,CVCL_1755,cell
TE-1,CVCL_1759,cell
TE-10,CVCL_1760,cell
TE-11,CVCL_1761,cell
TE-12,CVCL_1762,cell
TE-14,CVCL_3336,cell
TE-15,CVCL_1763,cell
TE-4,CVCL_3337,cell
TE-441-T,CVCL_1754,cell
TE-5,CVCL_1764,cell
TE-6,CVCL_1765,cell
TE-8,CVCL_1766,cell
TE-9,CVCL_1767,cell
TE1,CVCL_1759,cell
TE10,CVCL_1760,cell
TE11,CVCL_1761,cell
TE14,CVCL_3336,cell
TE4,CVCL_3337,cell
TE5,CVCL_1764,cell
TE6,CVCL_1765,cell
TE8,CVCL_1766,cell
TE9,CVCL_1767,cell
TEN,CVCL_E063,cell
TF-1,CVCL_0559,cell
TF1,CVCL_0559,cell
TFK1,CVCL_2214,cell
TGBC11TKB,CVCL_1768,cell
TGBC1TKB,CVCL_1769,cell
TGBC24TKB,CVCL_1770,cell
TGW,CVCL_1771,cell
THP-1,CVCL_0006,cell
THP1,CVCL_0006,cell
TIG-3 TD,CVCL_V617,cell
TK10,CVCL_1773,cell
TLBR-1,CVCL_L177,cell
TM-31,CVCL_6735,cell
TM31,CVCL_6735,cell
TM87,CVCL_8001,cell
TMD8,CVCL_A442,cell
TMK-1,CVCL_4384,cell
TO 175.T,CVCL_3806,cell
TO14,CVCL_2734,cell
TOLEDO,CVCL_3611,cell
TOV-112D,CVCL_3612,cell
TOV-21G,CVCL_3613,cell
TOV112D,CVCL_3612,cell
TOV21G,CVCL_3613,cell
TR146,CVCL_2736,cell
TT,CVCL_1774,cell
TT2609-C02,CVCL_2218,cell
TT2609C02,CVCL_2218,cell
TTC-442,CVCL_B255,cell
TTC-516,CVCL_8004,cell
TTC1240,CVCL_8002,cell
TTC442,CVCL_B255,cell
TTC466,CVCL_A444,cell
TTC475,CVCL_IW46,cell
TTC547,CVCL_7152,cell
TTC549,CVCL_8005,cell
TTC642,CVCL_8006,cell
TTC709,CVCL_8007,cell
TUHR10TKB,CVCL_5952,cell
TUHR14TKB,CVCL_5953,cell
TUHR4TKB,CVCL_5957,cell
TUOC1,CVCL_L700,cell
TUR,CVCL_1775,cell
TYK-nu,CVCL_1776,cell
TYKNU,CVCL_1776,cell
Thomas,CVCL_UB96,cell
Toledo,CVCL_3611,cell
U-118 MG,CVCL_0633,cell
U-118-MG,CVCL_0633,cell
U-138 MG,CVCL_0020,cell
U-178,CVCL_A758,cell
U-2 OS,CVCL_0042,cell
U-2-OS,CVCL_0042,cell
U-251 MG,CVCL_0021,cell
U-266,CVCL_0566,cell
U-698-M,CVCL_0017,cell
U-87 MG,CVCL_0022,cell
U-87-MG,CVCL_0022,cell
U-87MG ATCC,CVCL_0022,cell
U-937,CVCL_0007,cell
U-BLC1,CVCL_2738,cell
U-CH2,CVCL_4989,cell
U031,CVCL_1911,cell
U118MG,CVCL_0633,cell
U251,CVCL_0021,cell
U251MG,CVCL_0021,cell
U266B1,CVCL_0566,cell
U2904,CVCL_X504,cell
U2932,CVCL_1896,cell
U2940,CVCL_1897,cell
U2OS,CVCL_0042,cell
U343,CVCL_4773,cell
U698M,CVCL_0017,cell
U87MG,CVCL_0022,cell
U937,CVCL_0007,cell
UACC-257,CVCL_1779,cell
UACC-62,CVCL_1780,cell
UACC-812,CVCL_1781,cell
UACC-893,CVCL_1782,cell
UACC257,CVCL_1779,cell
UACC62,CVCL_1780,cell
UACC732,CVCL_4050,cell
UACC812,CVCL_1781,cell
UACC893,CVCL_1782,cell
UBLC1,CVCL_2738,cell
UCH2,CVCL_4989,cell
UHO1,CVCL_2220,cell
UM-SCC-17B,CVCL_7725,cell
UM-SCC-47,CVCL_7759,cell
UM-UC-1,CVCL_2743,cell
UM-UC-3,CVCL_1783,cell
UM-UC-3-LuL-2,CVCL_VL58,cell
UMC-11,CVCL_1784,cell
UMCHOR1,CVCL_1D68,cell
UMRC2,CVCL_2739,cell
UMRC6,CVCL_2741,cell
UMSCC1,CVCL_7707,cell
UMSCC10A,CVCL_7713,cell
UMSCC11B,CVCL_7716,cell
UMSCC12,CVCL_7717,cell
UMSCC14B,CVCL_7720,cell
UMSCC17A,CVCL_7724,cell
UMSCC19,CVCL_7727,cell
UMSCC22A,CVCL_7731,cell
UMSCC38,CVCL_7749,cell
UMSCC4,CVCL_7751,cell
UMSCC47,CVCL_7759,cell
UMSCC5,CVCL_7762,cell
UMSCC6,CVCL_7773,cell
UMSCC7,CVCL_7776,cell
UMSCC74A,CVCL_7779,cell
UMSCC8,CVCL_7781,cell
UMSCC81A,CVCL_7783,cell
UMUC1,CVCL_2743,cell
UMUC10,CVCL_2744,cell
UMUC11,CVCL_2745,cell
UMUC12,CVCL_S992,cell
UMUC13,CVCL_2746,cell
UMUC14,CVCL_2747,cell
UMUC15,CVCL_R742,cell
UMUC16,CVCL_2748,cell
UMUC17,CVCL_R743,cell
UMUC3,CVCL_1783,cell
UMUC5,CVCL_2750,cell
UMUC6,CVCL_2751,cell
UMUC7,CVCL_2752,cell
UMUC9,CVCL_2753,cell
UO31,CVCL_1911,cell
UOK101,CVCL_B076,cell
UOK102,CVCL_B080,cell
UOK109,CVCL_B087,cell
UOK120,CVCL_B099,cell
UOK121,CVCL_B100,cell
UOK122,CVCL_B102,cell
UOK124,CVCL_B105,cell
UOK130,CVCL_B112,cell
UOK139,CVCL_B118,cell
UOK145,CVCL_B122,cell
UOK146,CVCL_B123,cell
UOK161,CVCL_B128,cell
UOK257,CVCL_S717,cell
UOK262,CVCL_1D72,cell
UPCISCC003,CVCL_C025,cell
UPCISCC016,CVCL_C027,cell
UPCISCC125,CVCL_C054,cell
UPCISCC152,CVCL_C058,cell
UPCISCC153,CVCL_C059,cell
UPCISCC154,CVCL_2230,cell
UPN251,CVCL_DG78,cell
UT-7,CVCL_2233,cell
UW228,CVCL_8585,cell
UWB1.289,CVCL_B079,cell
UWB1289,CVCL_B079,cell
VA-ES-BJ,CVCL_1785,cell
VAESBJ,CVCL_1785,cell
VAL,CVCL_1819,cell
VCAP,CVCL_2235,cell
VCaP,CVCL_2235,cell
VM-CUB1,CVCL_1786,cell
VMCUB1,CVCL_1786,cell
VMRC-LCD,CVCL_1787,cell
VMRC-LCP,CVCL_1788,cell
VMRC-MELG,CVCL_1789,cell
VMRC-RCW,CVCL_1790,cell
VMRC-RCZ,CVCL_1791,cell
VMRCRCW,CVCL_1790,cell
VMRCRCZ,CVCL_1791,cell
WC00117A,CVCL_C275,cell
WC00119A,CVCL_6799,cell
WI-38,CVCL_0579,cell
WIL2-NS,CVCL_2761,cell
WM-115,CVCL_0040,cell
WM-266-4,CVCL_2765,cell
WM-793,CVCL_8787,cell
WM-88,CVCL_6805,cell
WM-983B,CVCL_6809,cell
WM115,CVCL_0040,cell
WM1366,CVCL_6789,cell
WM1552C,CVCL_6472,cell
WM1799,CVCL_A341,cell
WM2664,CVCL_2765,cell
WM278,CVCL_6473,cell
WM35,CVCL_0580,cell
WM793,CVCL_8787,cell
WM793B,CVCL_8787,cell
WM88,CVCL_6805,cell
WM983B,CVCL_6809,cell
WSU-DLCL2,CVCL_1902,cell
WSU-NHL,CVCL_1793,cell
WSUDLCL2,CVCL_1902,cell
WSUFSCCL,CVCL_1903,cell
WSUNHL,CVCL_1793,cell
WT97,CVCL_K231,cell
Wittier,CVCL_M734,cell
XG-1,CVCL_4797,cell
XG-6,CVCL_A771,cell
Y79,CVCL_1893,cell
YAMATO,CVCL_6C44,cell
YAPC,CVCL_1794,cell
YD-10B,CVCL_8929,cell
YD-15,CVCL_8930,cell
YD-38,CVCL_L083,cell
YD-8,CVCL_L079,cell
YD10B,CVCL_8929,cell
YD15,CVCL_8930,cell
YD38,CVCL_L083,cell
YD8,CVCL_L079,cell
YH-13,CVCL_1795,cell
YH13,CVCL_1795,cell
YKG-1,CVCL_1796,cell
YKG1,CVCL_1796,cell
YMB-1,CVCL_2814,cell
YMB-1-E,CVCL_2815,cell
YSCCC,CVCL_3629,cell
YT,CVCL_1797,cell
ZR-75-1,CVCL_0588,cell
ZR-75-30,CVCL_1661,cell
ZR751,CVCL_0588,cell
ZR7530,CVCL_1661,cell
ZR75T,CVCL_IW49,cell
delta-47,CVCL_2887,cell
huH-1,CVCL_2956,cell
no-10,CVCL_3075,cell
no-11,CVCL_3076,cell
122758,444795,drug
125973,36314,drug
17-AAG,6505803,drug
174939,300471,drug
19893,3385,drug
226080,5384616,drug
330507,6505803,drug
49842,6710780,drug
5-Fluorouracil,3385,drug
5-fluorouracil,3385,drug
608210,5311497,drug
628503,148124,drug
63878,6253,drug
673596,104842,drug
681239,387447,drug
7-ethyl-10-hydroxycamptothecin,104842,drug
701852,5311,drug
706995,4261,drug
715055,123631,drug
732517,3062316,drug
740,126941,drug
741078,10127622,drug
745750,208908,drug
747599,644241,drug
750691,10184653,drug
751249,11977753,drug
752840,11960529,drug
753686,23725625,drug
755385,17755052,drug
755770,9826528,drug
755775,42642645,drug
755983,11364421,drug
755986,24776445,drug
756236,9943465,drug
756642,4261,drug
756652,11640390,drug
756663,11404337,drug
756876,11433190,drug
757148,11152667,drug
757438,24180719,drug
757441,6450551,drug
758246,11707110,drug
758247,5330286,drug
758871,25262965,drug
759659,24978538,drug
760843,11667893,drug
761217,46883536,drug
763371,25126798,drug
764043,46907787,drug
764134,44462760,drug
765436,44632017,drug
766908,1401,drug
767125,44819241,drug
767951,25124816,drug
772196,126565,drug
774829,46943432,drug
777194,6914657,drug
777448,71271629,drug
782153,462382,drug
787962,5278396,drug
799349,44137675,drug
800085,11977753,drug
800955,5494449,drug
AZD6244,10127622,drug
AZD6482,44137675,drug
AZD7762,11152667,drug
AZD8055,25262965,drug
Afatinib,10184653,drug
Avagacestat,46883536,drug
Axitinib,6450551,drug
BI-2536,11364421,drug
Bortezomib,387447,drug
Bosutinib,5328940,drug
Cytarabine,6253,drug
Dabrafenib,44462760,drug
Dactolisib,11977753,drug
Daporinad,6914657,drug
Dasatinib,3062316,drug
Docetaxel,148124,drug
Elesclomol,300471,drug
Entinostat,4261,drug
FK-866,6914657,drug
Foretinib,42642645,drug
GDC-0941,17755052,drug
GSK1904529A,25124816,drug
GW-441756,9943465,drug
GW441756,9943465,drug
Gefitinib,123631,drug
I-BET-762,46943432,drug
JQ1,46907787,drug
JQ1-(+),46907787,drug
KU-55933,5278396,drug
Lapatinib,208908,drug
Lestaurtinib,126565,drug
Linsitinib,11640390,drug
MG-132,462382,drug
Methotrexate,126941,drug
Motesanib,11667893,drug
NVP-BEZ235,11977753,drug
Navitoclax,24978538,drug
Nilotinib,644241,drug
Nutlin-3,11433190,drug
Nutlin-3a (-),11433190,drug
Obatoclax Mesylate,11404337,drug
Olaparib,23725625,drug
PD-0325901,9826528,drug
PD-0332991,5330286,drug
PD0325901,9826528,drug
PD173074,1401,drug
PFI-1,71271629,drug
PLX-4720,24180719,drug
PLX4720,24180719,drug
Paclitaxel,36314,drug
Palbociclib,5330286,drug
Pictilisib,17755052,drug
Rapamycin,5384616,drug
Ruxolitinib,25126798,drug
SN-38,104842,drug
Talazoparib,44819241,drug
Tanespimycin,6505803,drug
Tozasertib,5494449,drug
Trametinib,11707110,drug
Tretinoin,444795,drug
Veliparib,11960529,drug
Vinblastine,6710780,drug
Vinorelbine,5311497,drug
Vismodegib,24776445,drug
Vorinostat,5311,drug
YK-4-279,44632017,drug
afatinib,10184653,drug
avagacestat,46883536,drug
axitinib,6450551,drug
azd-6482,44137675,drug
azd-7762,11152667,drug
azd-8055,25262965,drug
bi-2536,11364421,drug
bortezomib,387447,drug
bosutinib,5328940,drug
cytarabine,6253,drug
cytarabine hydrochloride,6253,drug
dabrafenib,44462760,drug
dactolisib,11977753,drug
daporinad,6914657,drug
dasatinib,3062316,drug
docetaxel,148124,drug
elesclomol,300471,drug
entinostat,4261,drug
fluorouracil,3385,drug
foretinib,42642645,drug
gefitinib,123631,drug
gsk-1904529a,25124816,drug
gw441756x,9943465,drug
isotretinoin,444795,drug
jq1,46907787,drug
ku-55933,5278396,drug
lapatinib,208908,drug
lestaurtinib,126565,drug
linsitinib,11640390,drug
methotrexate,126941,drug
mg-132,462382,drug
molibresib,46943432,drug
motesanib,11667893,drug
navitoclax,24978538,drug
nilotinib,644241,drug
nutlin-3,11433190,drug
obatoclax,11404337,drug
olaparib,23725625,drug
paclitaxel,36314,drug
palbociclib,5330286,drug
pd-0325901,9826528,drug
pd-173074,1401,drug
pictilisib,17755052,drug
plx-4720,24180719,drug
ruxolitinib,25126798,drug
selumetinib,10127622,drug
sirolimus,5384616,drug
talazoparib,44819241,drug
tanespimycin,6505803,drug
tozasertib,5494449,drug
trametinib,11707110,drug
tretinoin,444795,drug
veliparib,11960529,drug
vinblastine,6710780,drug
vinblastine sulfate,6710780,drug
vinorelbine,5311497,drug
vinorelbine tartrate,5311497,drug
vismodegib,24776445,drug
vorinostat,5311,drug
yk-4-279,44632017,drug
